sMeanPktSz,SrcRate
98,0
66,0
563.285706,41.991226
98,0
1312.99231,26.000151
1239.482544,28.403822
1332.886353,26.204834
1302.879639,26.404352
145.5,34.596088
730.714294,36.578896
76.333336,134.021317
98,0
102,0
184.199997,30.026196
98,0
94,0
98,0
636.799988,35.682106
98,0
643.538452,56.344643
98,0
1366.740112,522.869324
1355.264038,476.761719
1233.689331,175.292969
1337.567017,315.436676
150,19.642891
149.5,19.642891
98,0
98,0
190.25,56.626209
176.666672,31.760651
98,0
98,0
325.416656,73.94809
177,38.365623
176.333328,40.907326
177,39.830322
1350.300049,385.11026
1349.130737,433.776764
1254.762329,475.227295
1305.880371,293.039551
98,0
98,0
98,0
98,0
121,43.827614
699.15387,74.56102
64,0
98,0
1342.651123,448.190247
1323.465698,445.018036
1244.129272,29.202208
1307.105225,26.414064
98,0
73.75,0.61174
98,0
98,0
198.199997,44.120407
190,31.154911
98,0
54,0
42,0
54,0
58,0
85,0
85,0
74,0
74,0.936253
74,0.937953
74,0.937953
74,0.946018
74,0.939677
74,0.947744
74,0.947745
74,0.94865
74,0.949683
98,0
74,0
74,0
74,0
74,0
74,0
74,0
74,0
74,0
74,0
74,0
98,0
74,0
74,0
68.666664,133.431183
74,0
74,0
74,0
74,0
74,0
74,0
74,0
74,0
74,0
74,0
74,0
74,0
74,0
74,0
68.666664,90.551003
74,0
74,0
74,0
74,0
74,0
74,0
74,0
74,0
74,0
74,0
74,0
74,0
74,0
74,0
74,0
74,0
74,0
74,0
74,0
74,0
74,0
74,0
74,0
74,0
74,0
74,0
74,0
74,0
74,0
74,0
74,0
74,0
74,0
74,0
74,0
74,0
74,0
74,0
74,0
74,0
74,0
74,0
74,0
74,0
74,0
74,0
74,0
74,0
74,0
74,0
74,0
74,0
74,0
74,0
74,0
74,0
74,0
74,0
74,0
74,0
74,0
74,0
74,0
74,0
74,0
74,0
74,0
74,0
74,0
74,0
74,0
74,0
74,0
74,0
74,0
74,0
74,0
74,0
74,0
74,0
74,0
74,0
74,0
74,0
74,0
74,0
74,0
74,0
74,0
74,0
74,0
74,0
74,0
74,0
74,0
74,0
74,0
74,0
74,0
74,0
74,0
74,0
74,0
74,0
74,0
74,0
74,0
74,0
74,0
74,0
74,0
74,0
74,0
74,0
74,0
74,0
74,0
74,0
74,0
74,0
74,0
74,0
74,0
74,0
74,0
74,0
74,0
74,0
74,0
74,0
74,0
74,0
74,0
74,0
74,0
74,0
74,0
74,0
74,0
74,0
74,0
74,0
74,0
74,0
74,0
74,0
74,0
74,0
74,0
74,0
74,0
74,0
74,0
74,0
74,0
74,0
74,0
74,0
74,0
74,0
74,0
74,0
74,0
74,0
74,0
74,0
74,0
74,0
74,0
74,0
74,0
74,0
74,0
74,0
74,0
74,0
74,0
74,0
74,0
74,0
74,0
74,0
74,0
74,0
74,0
1338.908081,34.617126
1343.508911,33.608124
1226.619019,20.938322
1330.671387,27.813868
74,0
74,0
74,0
74,0
74,0
74,0
74,0
74,0
74,0
74,0
74,0
74,0
74,0
74,0
74,0
74,0
74,0
74,0
74,0
74,0
74,0
74,0
74,0
74,0
74,0
74,0
74,0
74,0
74,0
74,0
74,0
74,0
74,0
74,0
74,0
74,0
74,0
74,0
74,0
74,0
74,0
74,0
74,0
74,0
74,0
74,0
74,0
74,0
74,0
74,0
74,0
74,0
74,0
74,0
74,0
74,0
74,0
74,0
74,0
74,0
74,0
74,0
74,0
74,0
74,0
74,0
74,0
74,0
74,0
74,0
74,0
74,0
74,0
74,0
74,0
74,0
74,0
74,0
74,0
74,0
74,0
74,0
74,0
74,0
74,0
74,0
74,0
74,0
74,0
74,0
74,0
74,0
74,0
74,0
74,0
74,0
74,0
74,0
74,0
74,0
98,0
74,0
74,0
74,0
74,0
74,0
74,0
74,0
74,0
74,0
74,0
74,0
74,0
74,0
74,0
74,0
74,0
74,0
74,0
74,0
74,0
74,0
74,0
74,0
74,0
74,0
74,0
74,0
74,0
74,0
74,0
74,0
74,0
74,0
74,0
74,0
74,0
74,0
74,0
74,0
74,0
74,0
74,0
74,0
74,0
74,0
74,0
74,0
74,0
74,0
74,0
74,0
74,0
74,0
74,0
74,0
74,0
74,0
74,0
74,0
74,0
74,0
74,0
74,0
74,0
74,0
74,0
74,0
74,0
74,0
74,0
74,0
74,0
74,0
74,0
74,0
74,0
74,0
74,0
74,0
74,0
74,0
74,0
74,0
74,0
74,0
74,0
74,0
74,0
74,0
74,0
74,0
74,0
74,0
74,0
74,0
74,0
74,0
74,0
74,0
74,0
68.666664,112.517586
74,0
74,0
74,0
74,0
74,0
74,0
74,0
74,0
74,0
74,0
74,0
74,0
74,0
74,0
74,0
74,0
74,0
74,0
74,0
74,0
74,0
74,0
74,0
74,0
74,0
74,0
74,0
74,0
74,0
74,0
74,0
74,0
74,0
74,0
74,0
74,0
74,0
74,0
74,0
74,0
74,0
74,0
74,0
74,0
74,0
74,0
74,0
74,0
74,0
74,0
74,0
74,0
74,0
74,0
74,0
74,0
74,0
74,0
74,0
74,0
74,0
74,0
74,0
74,0
74,0
74,0
74,0
74,0
74,0
74,0
74,0
74,0
74,0
74,0
74,0
74,0
74,0
74,0
74,0
74,0
74,0
74,0
74,0
74,0
74,0
74,0
74,0
74,0
74,0
74,0
74,0
74,0
74,0
74,0
74,0
74,0
74,0
74,0
74,0
74,0
74,0
74,0
74,0
74,0
74,0
74,0
74,0
74,0
74,0
74,0
74,0
74,0
74,0
74,0
74,0
74,0
74,0
74,0
74,0
74,0
74,0
74,0
74,0
74,0
74,0
74,0
74,0
74,0
74,0
74,0
74,0
74,0
74,0
74,0
74,0
74,0
74,0
74,0
74,0
74,0
74,0
74,0
74,0
74,0
74,0
74,0
74,0
74,0
74,0
74,0
74,0
74,0
74,0
74,0
74,0
74,0
74,0
74,0
74,0
74,0
74,0
74,0
74,0
74,0
74,0
74,0
74,0
74,0
74,0
74,0
74,0
74,0
74,0
74,0
74,0
74,0
74,0
74,0
74,0
74,0
74,0
74,0
74,0
74,0
74,0
74,0
74,0
74,0
74,0
74,0
74,0
74,0
74,0
74,0
74,0
74,0
74,0
74,0
74,0
74,0
74,0
74,0
74,0
74,0
74,0
74,0
74,0
74,0
74,0
74,0
74,0
74,0
74,0
74,0
74,0
74,0
74,0
74,0
74,0
74,0
74,0
74,0
74,0
74,0
74,0
74,0
74,0
74,0
74,0
74,0
74,0
74,0
74,0
74,0
74,0
74,0
74,0
74,0
74,0
74,0
74,0
74,0
74,0
74,0
74,0
74,0
74,0
74,0
74,0
74,0
74,0
74,0
74,0
74,0
74,0
74,0
74,0
74,0
74,0
74,0
74,0
74,0
74,0
74,0
74,0
74,0
74,0
74,0
74,0
74,0
74,0
74,0
74,0
74,0
74,0
74,0
74,0
74,0
74,0
74,0
74,0
74,0
74,0
74,0
74,0
74,0
74,0
74,0
74,0
74,0
74,0
74,0
74,0
74,0
74,0
74,0
74,0
74,0
74,0
74,0
74,0
74,0
74,0
74,0
74,0
74,0
74,0
74,0
74,0
74,0
74,0
74,0
74,0
74,0
74,0
74,0
74,0
74,0
74,0
74,0
74,0
74,0
74,0
74,0
74,0
74,0
74,0
74,0
74,0
74,0
74,0
74,0
74,0
74,0
74,0
74,0
74,0
74,0
74,0
74,0
74,0
74,0
74,0
74,0
74,0
74,0
74,0
74,0
74,0
74,0
74,0
74,0
74,0
74,0
74,0
74,0
74,0
74,0
98,0
74,0
74,0
74,0
74,0
74,0
74,0
74,0
74,0
74,0
74,0
74,0
74,0
74,0
74,0
74,0
74,0
74,0
114,0
74,0
74,0
74,0
74,0
74,0
74,0
74,0
74,0
74,0
74,0
74,0
74,0
74,0
74,0
74,0
74,0
74,0
74,0
74,0
74,0
74,0
74,0
74,0
74,0
74,0
74,0
74,0
74,0
74,0
74,0
74,0
74,0
74,0
74,0
74,0
74,0
74,0
74,0
74,0
74,0
74,0
74,0
74,0
74,0
74,0
74,0
74,0
74,0
74,0
74,0
74,0
74,0
74,0
74,0
74,0
74,0
74,0
74,0
74,0
74,0
74,0
74,0
74,0
74,0
74,0
74,0
74,0
74,0
74,0
74,0
74,0
74,0
74,0
74,0
74,0
74,0
74,0
74,0
74,0
74,0
74,0
74,0
74,0
74,0
74,0
74,0
74,0
74,0
74,0
74,0
74,0
74,0
74,0
74,0
74,0
74,0
74,0
74,0
74,0
74,0
74,0
74,0
74,0
74,0
74,0
74,0
74,0
74,0
74,0
74,0
74,0
74,0
74,0
74,0
74,0
74,0
74,0
74,0
74,0
74,0
74,0
74,0
74,0
74,0
74,0
74,0
74,0
74,0
74,0
74,0
74,0
74,0
74,0
74,0
74,0
74,0
74,0
74,0
74,0
74,0
74,0
74,0
74,0
74,0
74,0
74,0
74,0
74,0
74,0
74,0
184.199997,30.088081
74,0
74,0
74,0
74,0
74,0
74,0
74,0
74,0
74,0
74,0
74,0
74,0
74,0
74,0
74,0
74,0
74,0
74,0
74,0
74,0
74,0
74,0
74,0
74,0
74,0
74,0
74,0
74,0
74,0
74,0
74,0
74,0
74,0
74,0
74,0
74,0
74,0
74,0
74,0
74,0
74,0
74,0
74,0
74,0
74,0
74,0
74,0
74,0
74,0
74,0
74,0
74,0
74,0
74,0
74,0
74,0
74,0
74,0
74,0
74,0
74,0
74,0
74,0
74,0
74,0
74,0
74,0
74,0
74,0
74,0
74,0
74,0
74,0
74,0
74,0
74,0
74,0
74,0
74,0
74,0
74,0
74,0
74,0
74,0
74,0
74,0
74,0
74,0
74,0
74,0
74,0
74,0
74,0
74,0
74,0
74,0
74,0
74,0
74,0
74,0
74,0
74,0
74,0
74,0
74,0
74,0
74,0
74,0
74,0
74,0
74,0
74,0
74,0
74,0
74,0
74,0
74,0
74,0
74,0
74,0
74,0
74,0
74,0
74,0
74,0
74,0
74,0
74,0
74,0
74,0
74,0
74,0
74,0
74,0
74,0
74,0
74,0
74,0
74,0
74,0
74,0
74,0
74,0
74,0
74,0
74,0
74,0
74,0
74,0
74,0
68.666664,117.757881
74,0
74,0
74,0
74,0
74,0
74,0
74,0
74,0
74,0
74,0
74,0
74,0
74,0
74,0
74,0
74,0
74,0
74,0
74,0
74,0
74,0
74,0
74,0
74,0
74,0
74,0
74,0
74,0
74,0
74,0
74,0
74,0
74,0
74,0
74,0
74,0
74,0
74,0
74,0
74,0
74,0
74,0
74,0
74,0
74,0
74,0
74,0
74,0
74,0
74,0
74,0
74,0
74,0
74,0
74,0
74,0
74,0
74,0
74,0
74,0
74,0
74,0
74,0
74,0
74,0
74,0
74,0
74,0
74,0
74,0
74,0
74,0
74,0
74,0
74,0
74,0
74,0
74,0
74,0
74,0
74,0
74,0
74,0
74,0
74,0
74,0
74,0
74,0
74,0
74,0
74,0
74,0
74,0
74,0
74,0
74,0
74,0
74,0
74,0
74,0
74,0
74,0
74,0
74,0
74,0
74,0
74,0
74,0
74,0
74,0
74,0
74,0
74,0
74,0
74,0
74,0
74,0
74,0
74,0
74,0
74,0
74,0
74,0
74,0
74,0
74,0
74,0
74,0
74,0
74,0
74,0
74,0
74,0
74,0
74,0
74,0
74,0
74,0
74,0
74,0
74,0
74,0
74,0
74,0
74,0
74,0
74,0
74,0
74,0
74,0
74,0
74,0
74,0
74,0
74,0
74,0
74,0
74,0
74,0
74,0
74,0
74,0
74,0
74,0
74,0
74,0
74,0
74,0
74,0
74,0
74,0
74,0
74,0
74,0
74,0
74,0
74,0
74,0
74,0
74,0
74,0
74,0
74,0
74,0
74,0
74,0
74,0
74,0
74,0
74,0
74,0
74,0
74,0
74,0
74,0
74,0
74,0
74,0
74,0
74,0
74,0
74,0
74,0
74,0
74,0
74,0
74,0
74,0
74,0
74,0
74,0
74,0
74,0
74,0
74,0
74,0
74,0
74,0
74,0
74,0
74,0
74,0
74,0
74,0
74,0
74,0
74,0
74,0
74,0
74,0
74,0
98,0
74,0
74,0
74,0
74,0
74,0
74,0
74,0
74,0
74,0
74,0
74,0
74,0
74,0
74,0
74,0
74,0
74,0
74,0
74,0
74,0
74,0
74,0
74,0
74,0
74,0
74,0
74,0
74,0
74,0
74,0
74,0
74,0
74,0
74,0
74,0
74,0
74,0
74,0
74,0
74,0
74,0
74,0
74,0
74,0
74,0
74,0
74,0
74,0
74,0
74,0
74,0
74,0
74,0
74,0
74,0
74,0
74,0
74,0
74,0
74,0
74,0
74,0
74,0
74,0
74,0
74,0
74,0
74,0
74,0
74,0
74,0
74,0
74,0
74,0
74,0
74,0
74,0
74,0
74,0
74,0
74,0
74,0
74,0
74,0
74,0
74,0
74,0
74,0
74,0
74,0
74,0
74,0
74,0
74,0
74,0
74,0
74,0
74,0
74,0
74,0
74,0
74,0
74,0
74,0
74,0
74,0
74,0
74,0
74,0
74,0
74,0
74,0
74,0
74,0
74,0
74,0
74,0
74,0
74,0
74,0
74,0
74,0
74,0
74,0
74,0
74,0
74,0
74,0
74,0
74,0
74,0
74,0
74,0
74,0
74,0
74,0
74,0
74,0
74,0
74,0
74,0
74,0
74,0
74,0
74,0
74,0
74,0
74,0
74,0
74,0
74,0
74,0
74,0
74,0
74,0
74,0
74,0
74,0
74,0
74,0
74,0
74,0
74,0
74,0
74,0
74,0
74,0
74,0
74,0
74,0
74,0
74,0
74,0
74,0
74,0
74,0
74,0
74,0
74,0
74,0
74,0
74,0
74,0
74,0
74,0
74,0
74,0
74,0
74,0
74,0
74,0
74,0
74,0
74,0
74,0
74,0
74,0
74,0
74,0
74,0
74,0
74,0
74,0
74,0
74,0
74,0
74,0
74,0
74,0
74,0
74,0
74,0
74,0
74,0
74,0
74,0
74,0
74,0
74,0
74,0
74,0
74,0
74,0
74,0
74,0
74,0
74,0
74,0
74,0
74,0
74,0
74,0
74,0
74,0
74,0
74,0
74,0
74,0
74,0
74,0
74,0
74,0
74,0
74,0
74,0
74,0
74,0
74,0
74,0
74,0
74,0
74,0
74,0
74,0
74,0
74,0
74,0
74,0
74,0
74,0
74,0
74,0
74,0
74,0
74,0
74,0
74,0
74,0
74,0
74,0
74,0
74,0
74,0
74,0
74,0
74,0
74,0
74,0
74,0
74,0
74,0
74,0
74,0
74,0
74,0
74,0
74,0
74,0
74,0
74,0
74,0
74,0
74,0
74,0
74,0
74,0
74,0
74,0
74,0
74,0
74,0
74,0
74,0
74,0
74,0
74,0
74,0
74,0
102,0
74,0
74,0
74,0
74,0
74,0
74,0
74,0
74,0
74,0
74,0
74,0
74,0
74,0
74,0
74,0
74,0
74,0
74,0
74,0
74,0
74,0
74,0
74,0
74,0
74,0
74,0
74,0
74,0
74,0
74,0
74,0
74,0
74,0
74,0
74,0
74,0
74,0
74,0
74,0
74,0
74,0
74,0
74,0
74,0
74,0
74,0
74,0
74,0
74,0
74,0
74,0
74,0
74,0
74,0
74,0
74,0
74,0
74,0
74,0
74,0
74,0
74,0
74,0
74,0
74,0
74,0
74,0
74,0
74,0
74,0
74,0
74,0
74,0
74,0
74,0
74,0
74,0
74,0
74,0
74,0
74,0
74,0
74,0
74,0
74,0
74,0
74,0
74,0
74,0
74,0
74,0
74,0
74,0
74,0
74,0
74,0
74,0
74,0
74,0
74,0
74,0
74,0
74,0
74,0
74,0
74,0
74,0
74,0
74,0
74,0
74,0
74,0
74,0
74,0
74,0
74,0
74,0
74,0
74,0
74,0
74,0
74,0
74,0
74,0
74,0
74,0
74,0
74,0
74,0
74,0
74,0
74,0
74,0
74,0
74,0
74,0
74,0
74,0
74,0
74,0
74,0
74,0
74,0
74,0
74,0
74,0
74,0
74,0
74,0
74,0
74,0
74,0
74,0
74,0
74,0
74,0
74,0
74,0
74,0
74,0
74,0
74,0
74,0
74,0
74,0
74,0
74,0
74,0
74,0
74,0
74,0
74,0
74,0
74,0
74,0
74,0
74,0
74,0
74,0
74,0
74,0
74,0
74,0
74,0
74,0
74,0
74,0
74,0
74,0
74,0
74,0
74,0
74,0
74,0
74,0
74,0
74,0
74,0
74,0
74,0
74,0
74,0
74,0
74,0
74,0
74,0
74,0
74,0
74,0
74,0
74,0
74,0
74,0
74,0
74,0
74,0
74,0
74,0
74,0
74,0
74,0
74,0
74,0
74,0
74,0
74,0
74,0
74,0
74,0
74,0
74,0
74,0
74,0
74,0
74,0
74,0
74,0
68.666664,106.264282
74,0
74,0
74,0
74,0
74,0
74,0
74,0
74,0
74,0
74,0
74,0
74,0
74,0
74,0
74,0
74,0
74,0
74,0
74,0
74,0
74,0
74,0
74,0
74,0
74,0
74,0
74,0
74,0
74,0
74,0
74,0
74,0
74,0
74,0
74,0
74,0
74,0
74,0
74,0
74,0
74,0
74,0
74,0
74,0
74,0
74,0
74,0
74,0
74,0
74,0
74,0
74,0
74,0
74,0
74,0
74,0
74,0
74,0
74,0
74,0
74,0
74,0
74,0
74,0
74,0
74,0
74,0
74,0
74,0
74,0
74,0
74,0
74,0
98,0
74,0
74,0
74,0
74,0
74,0
74,0
74,0
74,0
74,0
74,0
74,0
74,0
74,0
74,0
74,0
74,0
74,0
74,0
74,0
74,0
74,0
74,0
74,0
74,0
74,0
74,0
74,0
74,0
74,0
74,0
74,0
74,0
74,0
74,0
74,0
74,0
74,0
74,0
74,0
74,0
74,0
74,0
74,0
74,0
74,0
74,0
74,0
74,0
74,0
74,0
637.599976,43.079311
98,0
1356.919556,387.050903
1301.126465,17.204023
1340.028809,20.60009
1263.945923,44.405842
464.555542,52.346085
98,0
98,0
98,0
98,0
66,0
666.636353,50.490772
98,0
1330.664429,29.767586
1355.188599,34.823933
1320.661987,28.226051
1238.095215,33.561565
98,0
149.5,18.877542
150,18.877542
98,0
229.181824,66.058922
190.25,53.118969
176.666672,28.778221
98,0
94,0
76.333336,125.211296
98,0
636.799988,43.047783
98,0
643.538452,57.400337
177,37.802895
177,37.094742
177,36.554382
1359.977661,35.604507
1329.390015,28.02763
1354.720337,52.234867
769.666687,1.603467
98,0
74,0.667418
98,0
98,0
98,0
98,0
1331.607178,22.214403
1303.071411,22.226517
1340.252441,20.400038
1260.027466,43.414268
98,0
184.199997,29.232502
98,0
190.25,56.601639
176.666672,38.468937
98,0
608.428589,50.199963
699.15387,57.447605
98,0
100,0.222766
98,0
1317.793457,18.212097
1338.714233,20.804653
1313.047607,16.602358
1258.17041,26.825775
682.799988,39.997601
98,0
98,0
98,0
98,0
1346.898071,31.213854
1285.085083,18.725868
98,0
1354.397461,31.017092
1240.853638,24.438011
98,0
114,0
98,0
98,0
637.599976,43.07235
98,0
184.199997,30.062531
1346.55835,23.812353
1321.559326,23.414597
1324.143799,31.982346
1243.223999,24.845304
98,0
112.555557,97.569305
74,0
74,0
74,0
74,0
429.399994,52.974209
219.636368,78.95713
150,18.801941
149.5,18.801941
98,0
98,0
176.666672,29.457249
198.199997,44.23996
98,0
98,0
54,0
505.125,51.902218
1359.124268,33.61401
1360.430054,38.417027
1324.282593,27.42918
167,23.543537
167,24.242424
167,24.394855
1232.301636,25.072208
98,0
98,0
98,0
98,0
543.166687,63.406715
94,0
98,0
1304.487549,15.804111
1285.883301,11.802738
1260.6604,10.482072
628.799988,132.317917
102,0
1250.604858,24.936392
98,0
98,0
89,0
89,0
98,0
229.090912,65.50161
184.199997,31.691956
190.25,47.407597
176.666672,34.814697
98,0
98,0
1359.817749,38.208427
1357.004761,41.617455
1339.51416,42.404331
1247.167969,24.818834
73.75,0.600465
98,0
98,0
98,0
98,0
64,0
699.15387,57.162731
98,0
1323.724609,27.400999
1310.898315,23.405205
1316.416626,26.2001
1244.504028,24.80492
98,0
98,0
98,0
98,0
98,0
98,0
1287.434204,15.004697
1269.571411,15.203132
1305.904297,18.715893
1220.456055,24.839352
98,0
150,14.694429
149.5,16.375456
98,0
114,0
176.666672,31.755608
190.25,56.628349
98,0
98,0
637.599976,42.989948
98,0
1337.531006,22.423061
1337.522095,22.402441
1341.247559,20.015364
1241.837402,24.439196
464.888885,51.021713
228.454544,85.667786
150.5,21.750477
150.5,20.796074
183,31.037586
98,0
102,0
98,0
184.199997,30.07383
98,0
98,0
98,0
621.083313,55.965118
1335.943726,31.828564
1347.737183,31.125374
1292.613647,17.404375
1192.35083,11.240026
98,0
98,0
190.25,56.612316
176.666672,37.741547
98,0
98,0
636.799988,43.046856
1258.27356,21.021383
94,0
98,0
1338.277466,38.428612
1317.557007,31.471561
1248.203125,38.257347
643.538452,68.648705
98,0
98,0
98,0
98,0
1334.23645,29.418228
1316.982788,23.036167
1305.392334,25.84129
1243.658569,24.428232
98,0
74,0.667693
98,0
98,0
98,0
699.15387,69.88649
98,0
1331.10791,27.600222
1322.594849,23.004026
1342.648438,25.42482
1223.992065,25.024364
98,0
149.5,18.912172
150,16.675838
98,0
98,0
184.199997,32.00922
350,99.332489
190.25,45.657932
176.666672,26.605652
98,0
100,0.478704
98,0
1332.075439,21.010475
1296.789429,15.05907
1274.521729,13.616198
1159.372925,11.720108
183,42.592159
177,42.564964
177,42.565872
98,0
98,0
98,0
114,0
54,0
42,0
54,0
58,0
85,0
85,0
74,0
68.666664,133.280014
68.666664,117.274536
74,0.951304
74,0.952315
74,0.953186
74,0.954029
74,0.95497
74,0.961408
74,0.962326
74,0.970824
74,0.97169
74,0.973582
74,0
74,0.972788
74,0.974627
98,0
74,0
74,0
74,0
74,0
74,0
74,0
74,0
74,0
74,0
74,0
74,0
74,0
74,0
637.599976,43.045467
74,0
68.666664,135.235641
74,0
74,0
74,0
74,0
74,0
74,0
74,0
74,0
74,0
74,0
74,0
74,0
74,0
74,0
74,0
74,0
74,0
74,0
74,0
74,0
74,0
74,0
74,0
74,0
74,0
74,0
74,0
74,0
74,0
74,0
74,0
74,0
74,0
74,0
74,0
74,0
74,0
74,0
74,0
74,0
74,0
74,0
74,0
74,0
74,0
74,0
74,0
74,0
74,0
74,0
74,0
74,0
74,0
74,0
74,0
74,0
74,0
74,0
74,0
74,0
74,0
74,0
74,0
74,0
74,0
74,0
74,0
74,0
74,0
74,0
74,0
98,0
74,0
74,0
74,0
74,0
74,0
74,0
74,0
74,0
74,0
74,0
74,0
74,0
74,0
74,0
74,0
74,0
74,0
74,0
74,0
74,0
74,0
74,0
74,0
74,0
74,0
74,0
74,0
74,0
74,0
74,0
74,0
74,0
74,0
74,0
74,0
74,0
74,0
74,0
74,0
74,0
74,0
74,0
74,0
74,0
74,0
74,0
74,0
74,0
74,0
74,0
74,0
74,0
74,0
74,0
74,0
74,0
74,0
74,0
74,0
74,0
74,0
74,0
74,0
74,0
74,0
74,0
74,0
74,0
74,0
74,0
74,0
74,0
74,0
74,0
74,0
74,0
74,0
74,0
74,0
74,0
74,0
74,0
74,0
74,0
74,0
74,0
74,0
74,0
74,0
74,0
74,0
74,0
74,0
74,0
74,0
74,0
74,0
74,0
74,0
74,0
74,0
74,0
74,0
74,0
74,0
74,0
74,0
74,0
74,0
74,0
74,0
74,0
74,0
74,0
74,0
74,0
74,0
74,0
74,0
74,0
74,0
74,0
74,0
74,0
74,0
74,0
74,0
74,0
74,0
74,0
74,0
74,0
74,0
74,0
74,0
74,0
74,0
74,0
74,0
74,0
74,0
74,0
74,0
74,0
1317.282715,28.809927
74,0
74,0
74,0
74,0
74,0
74,0
74,0
74,0
74,0
74,0
74,0
74,0
74,0
74,0
74,0
74,0
74,0
74,0
74,0
74,0
74,0
74,0
74,0
74,0
74,0
74,0
74,0
74,0
74,0
74,0
74,0
74,0
74,0
74,0
74,0
74,0
1335.627563,39.506687
1333.34314,33.831757
74,0
74,0
74,0
74,0
74,0
74,0
74,0
74,0
74,0
74,0
74,0
74,0
464.111115,52.248997
74,0
74,0
74,0
74,0
74,0
74,0
74,0
74,0
74,0
74,0
74,0
74,0
74,0
74,0
74,0
74,0
74,0
74,0
74,0
74,0
74,0
74,0
74,0
74,0
74,0
74,0
74,0
74,0
74,0
74,0
74,0
74,0
74,0
74,0
74,0
74,0
74,0
74,0
74,0
74,0
74,0
74,0
74,0
74,0
74,0
74,0
74,0
74,0
74,0
74,0
74,0
74,0
74,0
74,0
74,0
74,0
74,0
74,0
74,0
74,0
74,0
74,0
74,0
74,0
74,0
74,0
74,0
74,0
74,0
74,0
74,0
74,0
74,0
74,0
74,0
74,0
74,0
74,0
74,0
74,0
74,0
74,0
74,0
74,0
74,0
74,0
74,0
74,0
74,0
74,0
74,0
74,0
74,0
74,0
74,0
74,0
98,0
68.666664,142.755173
74,0
74,0
74,0
74,0
74,0
74,0
74,0
74,0
74,0
74,0
74,0
74,0
74,0
74,0
74,0
74,0
74,0
74,0
74,0
74,0
74,0
74,0
74,0
74,0
74,0
74,0
74,0
74,0
74,0
74,0
74,0
74,0
74,0
74,0
74,0
74,0
74,0
74,0
74,0
74,0
74,0
74,0
74,0
74,0
74,0
74,0
74,0
74,0
74,0
74,0
74,0
74,0
74,0
74,0
74,0
74,0
74,0
74,0
74,0
74,0
74,0
74,0
74,0
74,0
74,0
74,0
74,0
74,0
74,0
74,0
74,0
74,0
74,0
74,0
74,0
74,0
74,0
74,0
74,0
74,0
74,0
74,0
74,0
74,0
74,0
74,0
74,0
74,0
74,0
74,0
74,0
74,0
74,0
74,0
74,0
74,0
74,0
74,0
74,0
74,0
74,0
74,0
74,0
74,0
74,0
74,0
74,0
74,0
74,0
74,0
74,0
74,0
74,0
74,0
74,0
74,0
74,0
74,0
74,0
74,0
74,0
74,0
74,0
74,0
74,0
74,0
74,0
74,0
74,0
74,0
74,0
74,0
74,0
74,0
74,0
74,0
74,0
74,0
74,0
74,0
74,0
74,0
74,0
74,0
74,0
74,0
74,0
74,0
74,0
74,0
74,0
74,0
74,0
74,0
74,0
74,0
74,0
74,0
74,0
74,0
74,0
74,0
74,0
74,0
74,0
74,0
74,0
74,0
74,0
74,0
74,0
74,0
74,0
74,0
74,0
74,0
74,0
74,0
74,0
74,0
74,0
74,0
74,0
74,0
74,0
74,0
74,0
74,0
74,0
74,0
74,0
74,0
74,0
74,0
74,0
74,0
74,0
74,0
74,0
74,0
74,0
74,0
74,0
74,0
74,0
74,0
74,0
74,0
74,0
74,0
74,0
74,0
74,0
74,0
74,0
74,0
74,0
74,0
74,0
74,0
74,0
74,0
74,0
74,0
74,0
1242.564087,46.636219
74,0
74,0
74,0
74,0
74,0
74,0
74,0
74,0
74,0
74,0
74,0
74,0
74,0
74,0
74,0
74,0
74,0
74,0
74,0
74,0
74,0
74,0
74,0
74,0
74,0
74,0
74,0
74,0
74,0
74,0
74,0
74,0
74,0
74,0
74,0
74,0
74,0
74,0
74,0
74,0
74,0
74,0
74,0
74,0
74,0
74,0
74,0
74,0
74,0
74,0
74,0
74,0
74,0
74,0
74,0
74,0
74,0
74,0
74,0
74,0
74,0
74,0
74,0
74,0
74,0
74,0
74,0
74,0
74,0
74,0
74,0
74,0
74,0
74,0
74,0
74,0
74,0
74,0
74,0
74,0
74,0
74,0
74,0
74,0
74,0
74,0
74,0
74,0
74,0
74,0
74,0
74,0
74,0
74,0
74,0
74,0
74,0
74,0
74,0
74,0
74,0
74,0
74,0
74,0
74,0
74,0
74,0
74,0
74,0
74,0
74,0
74,0
74,0
74,0
74,0
74,0
74,0
74,0
74,0
74,0
74,0
74,0
74,0
74,0
74,0
74,0
74,0
74,0
74,0
74,0
74,0
74,0
74,0
74,0
74,0
74,0
74,0
74,0
74,0
74,0
74,0
74,0
74,0
74,0
74,0
74,0
74,0
74,0
74,0
74,0
74,0
74,0
74,0
74,0
74,0
74,0
74,0
74,0
74,0
74,0
74,0
74,0
74,0
74,0
74,0
74,0
74,0
74,0
74,0
74,0
74,0
74,0
74,0
74,0
74,0
74,0
74,0
74,0
74,0
74,0
74,0
74,0
74,0
74,0
74,0
74,0
74,0
74,0
74,0
74,0
74,0
74,0
74,0
74,0
74,0
74,0
74,0
74,0
74,0
74,0
74,0
74,0
74,0
74,0
74,0
74,0
74,0
74,0
74,0
74,0
74,0
74,0
74,0
74,0
74,0
74,0
74,0
74,0
74,0
74,0
74,0
74,0
74,0
74,0
74,0
74,0
74,0
74,0
74,0
74,0
74,0
74,0
74,0
74,0
74,0
74,0
74,0
74,0
74,0
74,0
74,0
74,0
74,0
74,0
74,0
74,0
74,0
74,0
74,0
74,0
74,0
74,0
74,0
74,0
74,0
74,0
74,0
74,0
74,0
74,0
74,0
74,0
74,0
74,0
74,0
74,0
74,0
74,0
74,0
74,0
74,0
74,0
74,0
74,0
74,0
74,0
74,0
74,0
74,0
74,0
74,0
74,0
74,0
74,0
74,0
74,0
74,0
74,0
74,0
74,0
74,0
74,0
74,0
74,0
74,0
74,0
74,0
74,0
74,0
74,0
74,0
74,0
74,0
74,0
74,0
74,0
74,0
74,0
74,0
74,0
74,0
74,0
74,0
74,0
74,0
74,0
74,0
74,0
74,0
74,0
74,0
74,0
74,0
74,0
74,0
74,0
74,0
74,0
74,0
74,0
74,0
74,0
74,0
74,0
74,0
74,0
74,0
74,0
74,0
74,0
74,0
74,0
74,0
74,0
74,0
74,0
74,0
74,0
74,0
74,0
74,0
74,0
74,0
74,0
74,0
74,0
74,0
74,0
74,0
74,0
74,0
74,0
74,0
74,0
74,0
74,0
74,0
74,0
74,0
74,0
74,0
74,0
74,0
74,0
74,0
74,0
74,0
74,0
74,0
74,0
74,0
74,0
74,0
74,0
74,0
74,0
74,0
74,0
74,0
74,0
74,0
74,0
74,0
74,0
74,0
74,0
74,0
74,0
74,0
74,0
74,0
74,0
74,0
74,0
74,0
74,0
74,0
74,0
74,0
74,0
74,0
74,0
74,0
74,0
74,0
74,0
74,0
74,0
74,0
74,0
74,0
74,0
74,0
74,0
74,0
74,0
74,0
74,0
74,0
74,0
74,0
74,0
74,0
74,0
74,0
74,0
74,0
74,0
74,0
74,0
74,0
74,0
74,0
74,0
74,0
74,0
74,0
74,0
74,0
74,0
98,0
74,0
74,0
74,0
74,0
74,0
74,0
74,0
74,0
74,0
74,0
74,0
74,0
74,0
74,0
74,0
74,0
74,0
74,0
74,0
74,0
74,0
74,0
74,0
74,0
74,0
74,0
74,0
74,0
74,0
74,0
74,0
74,0
74,0
74,0
74,0
74,0
74,0
74,0
74,0
74,0
74,0
74,0
74,0
74,0
74,0
74,0
74,0
74,0
74,0
74,0
74,0
74,0
74,0
74,0
74,0
74,0
74,0
74,0
74,0
74,0
74,0
74,0
74,0
74,0
74,0
74,0
74,0
74,0
74,0
74,0
74,0
74,0
74,0
74,0
74,0
74,0
74,0
74,0
74,0
74,0
74,0
74,0
74,0
74,0
74,0
74,0
74,0
74,0
74,0
74,0
74,0
74,0
74,0
74,0
74,0
74,0
74,0
74,0
74,0
74,0
74,0
74,0
74,0
74,0
74,0
74,0
74,0
74,0
74,0
74,0
74,0
74,0
74,0
74,0
74,0
74,0
74,0
74,0
74,0
74,0
74,0
74,0
74,0
74,0
74,0
74,0
74,0
74,0
74,0
74,0
74,0
74,0
74,0
74,0
74,0
74,0
74,0
74,0
74,0
74,0
74,0
74,0
74,0
74,0
74,0
74,0
74,0
74,0
74,0
74,0
74,0
74,0
74,0
74,0
74,0
74,0
74,0
74,0
74,0
74,0
74,0
74,0
74,0
74,0
74,0
74,0
74,0
74,0
74,0
74,0
74,0
74,0
74,0
74,0
74,0
74,0
74,0
74,0
74,0
74,0
74,0
74,0
74,0
74,0
74,0
74,0
74,0
74,0
74,0
74,0
74,0
74,0
74,0
74,0
74,0
74,0
74,0
74,0
74,0
74,0
74,0
74,0
74,0
74,0
74,0
74,0
74,0
74,0
74,0
74,0
74,0
74,0
74,0
74,0
74,0
74,0
74,0
74,0
74,0
74,0
74,0
74,0
74,0
74,0
74,0
68.666664,118.497459
74,0
74,0
74,0
74,0
74,0
74,0
74,0
74,0
74,0
74,0
74,0
74,0
74,0
74,0
74,0
74,0
74,0
74,0
74,0
74,0
74,0
74,0
74,0
74,0
74,0
74,0
74,0
74,0
74,0
74,0
74,0
74,0
74,0
74,0
74,0
74,0
74,0
74,0
74,0
74,0
74,0
74,0
74,0
74,0
74,0
74,0
74,0
74,0
74,0
74,0
74,0
74,0
74,0
74,0
74,0
74,0
74,0
74,0
74,0
74,0
74,0
74,0
74,0
74,0
74,0
74,0
74,0
74,0
74,0
74,0
74,0
74,0
74,0
74,0
74,0
74,0
74,0
74,0
74,0
74,0
74,0
74,0
74,0
74,0
74,0
74,0
74,0
74,0
74,0
74,0
74,0
74,0
74,0
74,0
74,0
74,0
74,0
74,0
74,0
74,0
74,0
74,0
74,0
74,0
74,0
74,0
74,0
74,0
74,0
74,0
74,0
74,0
74,0
74,0
74,0
74,0
74,0
74,0
74,0
74,0
74,0
74,0
74,0
74,0
74,0
74,0
74,0
74,0
74,0
74,0
74,0
74,0
74,0
74,0
74,0
74,0
74,0
74,0
74,0
74,0
74,0
74,0
74,0
74,0
74,0
74,0
74,0
74,0
74,0
74,0
74,0
74,0
74,0
74,0
74,0
74,0
74,0
74,0
74,0
74,0
74,0
74,0
74,0
74,0
74,0
74,0
74,0
74,0
74,0
74,0
74,0
74,0
74,0
74,0
74,0
74,0
74,0
74,0
74,0
74,0
74,0
74,0
74,0
74,0
74,0
74,0
74,0
74,0
74,0
74,0
74,0
74,0
74,0
74,0
74,0
74,0
74,0
74,0
74,0
74,0
74,0
74,0
74,0
74,0
74,0
74,0
74,0
74,0
74,0
74,0
74,0
74,0
74,0
74,0
74,0
74,0
74,0
74,0
74,0
74,0
74,0
74,0
74,0
74,0
74,0
74,0
74,0
74,0
74,0
74,0
74,0
74,0
74,0
74,0
74,0
74,0
74,0
74,0
74,0
74,0
74,0
74,0
74,0
74,0
74,0
74,0
74,0
74,0
74,0
74,0
74,0
74,0
74,0
74,0
74,0
74,0
74,0
74,0
74,0
74,0
74,0
74,0
74,0
74,0
74,0
74,0
74,0
74,0
74,0
74,0
74,0
74,0
74,0
74,0
74,0
74,0
74,0
74,0
74,0
74,0
74,0
74,0
74,0
74,0
74,0
74,0
74,0
74,0
74,0
74,0
74,0
74,0
74,0
74,0
74,0
74,0
74,0
74,0
74,0
74,0
74,0
74,0
74,0
74,0
74,0
74,0
74,0
74,0
74,0
74,0
74,0
74,0
74,0
74,0
74,0
74,0
74,0
74,0
74,0
74,0
74,0
74,0
74,0
74,0
74,0
74,0
74,0
74,0
74,0
74,0
74,0
74,0
74,0
74,0
74,0
74,0
74,0
74,0
74,0
74,0
74,0
74,0
74,0
74,0
74,0
74,0
74,0
74,0
74,0
74,0
74,0
74,0
74,0
74,0
74,0
74,0
74,0
74,0
74,0
74,0
74,0
74,0
74,0
74,0
74,0
74,0
74,0
74,0
74,0
74,0
74,0
74,0
74,0
74,0
74,0
74,0
74,0
74,0
74,0
74,0
74,0
74,0
74,0
74,0
74,0
74,0
74,0
74,0
74,0
74,0
74,0
74,0
74,0
74,0
74,0
74,0
74,0
74,0
74,0
74,0
74,0
74,0
74,0
74,0
74,0
74,0
74,0
74,0
74,0
74,0
74,0
74,0
74,0
74,0
74,0
74,0
74,0
74,0
74,0
74,0
74,0
74,0
74,0
74,0
74,0
74,0
74,0
74,0
74,0
74,0
74,0
74,0
74,0
74,0
74,0
74,0
74,0
74,0
74,0
74,0
74,0
74,0
74,0
74,0
74,0
74,0
74,0
74,0
74,0
74,0
74,0
74,0
74,0
74,0
74,0
74,0
74,0
74,0
74,0
74,0
74,0
74,0
74,0
74,0
74,0
74,0
74,0
74,0
74,0
74,0
74,0
74,0
74,0
74,0
74,0
74,0
74,0
74,0
74,0
74,0
74,0
74,0
74,0
74,0
74,0
74,0
74,0
74,0
74,0
74,0
74,0
74,0
74,0
74,0
74,0
74,0
74,0
74,0
74,0
74,0
74,0
74,0
74,0
74,0
74,0
74,0
74,0
74,0
74,0
74,0
74,0
74,0
74,0
74,0
74,0
74,0
74,0
74,0
74,0
74,0
74,0
74,0
74,0
74,0
74,0
74,0
74,0
74,0
74,0
74,0
74,0
74,0
74,0
74,0
74,0
74,0
74,0
74,0
74,0
98,0
74,0
74,0
74,0
74,0
74,0
74,0
74,0
74,0
74,0
74,0
74,0
74,0
74,0
74,0
74,0
74,0
74,0
74,0
74,0
74,0
74,0
74,0
74,0
74,0
74,0
74,0
74,0
74,0
74,0
74,0
74,0
74,0
74,0
74,0
74,0
74,0
74,0
74,0
74,0
74,0
74,0
74,0
74,0
74,0
74,0
74,0
74,0
74,0
74,0
74,0
74,0
74,0
74,0
74,0
74,0
74,0
74,0
74,0
74,0
74,0
74,0
74,0
74,0
74,0
74,0
74,0
74,0
74,0
74,0
74,0
74,0
74,0
74,0
74,0
74,0
74,0
74,0
74,0
74,0
74,0
74,0
74,0
74,0
74,0
74,0
74,0
74,0
74,0
74,0
74,0
74,0
74,0
74,0
74,0
74,0
74,0
74,0
74,0
74,0
74,0
74,0
74,0
74,0
74,0
74,0
74,0
74,0
74,0
74,0
74,0
74,0
74,0
74,0
74,0
74,0
74,0
74,0
74,0
74,0
74,0
74,0
74,0
74,0
74,0
74,0
74,0
74,0
74,0
74,0
74,0
74,0
74,0
74,0
74,0
74,0
74,0
74,0
74,0
74,0
74,0
74,0
74,0
74,0
74,0
74,0
74,0
74,0
74,0
74,0
74,0
74,0
74,0
74,0
74,0
74,0
74,0
74,0
74,0
74,0
74,0
74,0
74,0
74,0
74,0
74,0
74,0
74,0
74,0
74,0
190.25,56.649738
176.666672,37.767204
98,0
98,0
1352.986694,29.827011
1349.900757,26.014536
1291.431519,18.812531
620.916687,58.011677
98,0
184.199997,30.814743
66,0
98,0
98,0
98,0
636.799988,42.97979
116.875,86.498779
74,0
74,0
737.400024,59.815765
98,0
1246.605591,28.209585
1349.141724,25.22575
1327.93335,26.810028
1331.468994,28.954222
643.538452,67.44339
98,0
94,0
98,0
98,0
98,0
90,0
102,0
98,0
1241.837402,24.401098
1335.77478,30.002707
1341.065552,24.214602
1345.925415,26.662983
98,0
219.636368,77.266617
149.5,18.820341
154,19.559137
121,29.087242
727.599976,61.582047
98,0
190.25,56.563217
176.666672,31.718843
98,0
64,0
98,0
699.15387,61.525524
1250.831909,459.789001
98,0
1312.919678,22.20676
1342.033325,23.832775
1327.818237,26.240789
177,32.818089
183,32.818089
177,32.818089
98,0
98,0
98,0
98,0
66,0
1248.737549,28.008127
1349.036255,27.400246
98,0
1338.068359,23.232735
1350.030273,26.251863
184.199997,31.004147
98,0
98,0
98,0
114,0
785,37.821484
229,65.027542
176.666672,36.55505
190.25,53.199036
98,0
98,0
637.599976,43.070496
76.333336,134.471863
1256.962036,31.407009
1352.965332,28.611668
1328.906738,23.413342
1312.169067,27.004362
464.222229,50.666264
98,0
98,0
66,0
98,0
98,0
98,0
1231.333374,17.801876
1340.379883,25.603691
1299.179199,21.048573
1350.590942,26.204643
98,0
621.083313,62.973015
102,0
98,0
76.333336,143.791794
98,0
98,0
543.666687,30.145359
98,0
1256.390015,39.802116
1332.572388,31.609148
1308.073486,27.048113
1327.358154,26.67054
98,0
643.538452,71.411995
154.5,16.647799
150,18.885384
89,0
81.833336,9.279089
98,0
98,0
94,0
190.25,49.952545
176.666672,30.353161
98,0
98,0
1234.430176,17.002464
1342.016724,23.816549
1315.773071,23.642244
1342.804565,26.495031
325.333344,86.356461
98,0
177,33.04092
176.333328,33.575073
177,33.532291
184.199997,30.091478
98,0
98,0
98,0
98,0
699.15387,58.806808
1257.209351,25.604849
1344.751831,28.006424
1299.50415,24.010103
1326.276123,26.967564
98,0
74,0.667556
98,0
98,0
190.25,49.990837
177,34.473843
98,0
98,0
1252.930786,25.80015
1347.485718,27.837353
1317.875,23.814394
98,0
98,0
100,2.045571
98,0
114,0
98,0
637.599976,43.08395
98,0
1331.644409,425.032501
1245.604126,28.617737
1333.155518,26.816256
1333.644043,23.477243
464.555542,47.633224
98,0
98,0
98,0
98,0
1332.0979,28.401455
1216.246094,25.800837
1328.61145,27.614613
98,0
1330.294067,23.753246
621,59.071186
184.199997,41.671005
54,1215.066895
98,0
150,21.282482
154.5,18.188763
98,0
98,0
229.27272,66.751663
182.666672,31.682667
192.5,46.425976
98,0
636.799988,43.045467
1348.5177,28.00107
1252.316528,27.609304
1326.866699,26.828169
98,0
1318.099121,24.178797
176.333328,43.661449
177,44.533512
177,40.924904
643.538452,63.519287
98,0
98,0
98,0
94,0
98,0
1344.803223,24.200468
1241.46875,25.40686
1330.809814,28.208151
1301.156982,24.196861
98,0
98,0
98,0
102,0
190.25,56.725784
177,37.817192
98,0
64,0
98,0
1353.477417,30.812862
1259.574219,30.808687
699.15387,51.0984
1251.880981,8.388134
98,0
98,0
98,0
98,0
98,0
1323.983276,410.579865
1357.345459,466.296173
1239.662109,14.607531
1368.070557,50.935757
98,0
184.199997,30.091478
98,0
98,0
912,85.200645
473.571442,3.247623
114,0
98,0
98,0
98,0
637.599976,43.079311
1304.503906,25.268751
1317.806885,28.88838
1254.621948,32.618999
1342.014038,28.426687
98,0
219.72728,78.211769
150,19.568705
149.5,19.998001
98,0
98,0
182.666672,30.783438
192.5,56.621933
98,0
98,0
1197.881348,11.604344
1352.170898,39.784382
1360.487061,38.437298
1343.318237,26.365438
98,0
177,44.449383
177,45.358673
177,42.469158
620.916687,57.668617
98,0
98,0
98,0
102,0
636.799988,43.062149
98,0
1263.351562,32.809772
1351.184204,30.213638
1341.06665,20.953789
1342.430786,25.965145
98,0
643.538452,70.6381
98,0
98,0
229.090912,82.585251
177,35.37569
190.25,51.6609
98,0
94,0
98,0
1256.757324,27.007298
1331.953979,30.20343
1336.778442,31.584936
1349.204712,25.21018
184.199997,30.050333
98,0
98,0
98,0
98,0
1206.365112,12.404884
1277.366699,11.803813
1307.672852,21.208988
98,0
1333.446899,35.600628
699.15387,59.483093
54,0
42,0
54,0
58,0
85,0
85,0
74,0
74,0.951392
74,0.952321
74,0.959623
74,0.953204
74,0.954117
74,0.955031
74,0.955031
74,0.955963
68.666664,132.731613
74,0.978402
68.666664,132.432785
74,0.975497
74,0.976432
98,0
74,0
74,0
74,0
74,0
74,0
74,0
74,0
74,0
74,0
74,0
74,0
74,0
98,0
68.666664,134.012329
74,0
74,0
74,0
74,0
74,0
74,0
74,0
74,0
74,0
74,0
74,0
74,0
74,0
74,0
74,0
74,0
74,0
74,0
74,0
74,0
74,0
74,0
74,0
74,0
74,0
74,0
74,0
74,0
74,0
74,0
74,0
74,0
74,0
74,0
74,0
74,0
74,0
74,0
74,0
74,0
74,0
74,0
74,0
74,0
74,0
74,0
74,0
74,0
74,0
74,0
74,0
74,0
74,0
74,0
74,0
74,0
74,0
74,0
74,0
74,0
74,0
74,0
74,0
74,0
74,0
74,0
74,0
74,0
74,0
74,0
74,0
74,0
74,0
74,0
74,0
74,0
74,0
74,0
74,0
74,0
74,0
74,0
74,0
74,0
74,0
74,0
74,0
74,0
74,0
74,0
74,0
74,0
74,0
74,0
74,0
74,0
74,0
74,0
74,0
74,0
74,0
74,0
74,0
74,0
74,0
74,0
74,0
74,0
74,0
74,0
74,0
74,0
74,0
74,0
74,0
74,0
74,0
74,0
74,0
74,0
74,0
74,0
74,0
74,0
74,0
74,0
74,0
74,0
74,0
74,0
74,0
74,0
74,0
74,0
74,0
74,0
74,0
74,0
74,0
74,0
74,0
74,0
74,0
74,0
74,0
74,0
74,0
74,0
74,0
74,0
74,0
74,0
74,0
74,0
74,0
74,0
74,0
74,0
74,0
74,0
74,0
74,0
74,0
74,0
74,0
74,0
74,0
74,0
74,0
74,0
74,0
74,0
74,0
74,0
74,0
74,0
74,0
74,0
74,0
74,0
74,0
74,0
74,0
74,0
74,0
74,0
74,0
74,0
74,0
74,0
74,0
74,0
74,0
74,0
74,0
74,0
74,0
74,0
74,0
74,0
74,0
74,0
74,0
74,0
74,0
74,0
74,0
74,0
74,0
74,0
74,0
74,0
74,0
74,0
74,0
74,0
74,0
74,0
74,0
74,0
74,0
74,0
74,0
74,0
74,0
74,0
74,0
74,0
74,0
74,0
74,0
74,0
74,0
74,0
74,0
74,0
74,0
74,0
74,0
74,0
74,0
74,0
74,0
74,0
74,0
74,0
74,0
74,0
74,0
74,0
74,0
74,0
74,0
74,0
74,0
74,0
74,0
74,0
74,0
74,0
74,0
74,0
74,0
74,0
74,0
74,0
74,0
74,0
74,0
74,0
74,0
74,0
74,0
74,0
74,0
74,0
74,0
74,0
74,0
74,0
74,0
74,0
74,0
74,0
74,0
74,0
74,0
74,0
74,0
74,0
74,0
74,0
74,0
74,0
74,0
74,0
74,0
74,0
74,0
74,0
74,0
74,0
74,0
74,0
74,0
74,0
74,0
74,0
74,0
74,0
74,0
74,0
74,0
74,0
74,0
74,0
74,0
74,0
74,0
74,0
74,0
74,0
74,0
74,0
74,0
74,0
74,0
74,0
74,0
74,0
74,0
74,0
74,0
98,0
74,0
74,0
74,0
74,0
74,0
74,0
74,0
74,0
74,0
74,0
74,0
74,0
74,0
74,0
74,0
74,0
74,0
74,0
74,0
74,0
74,0
74,0
74,0
74,0
74,0
74,0
74,0
74,0
74,0
74,0
74,0
74,0
74,0
74,0
74,0
74,0
74,0
74,0
74,0
74,0
74,0
74,0
74,0
74,0
74,0
74,0
74,0
74,0
74,0
74,0
74,0
74,0
74,0
74,0
74,0
74,0
74,0
74,0
74,0
74,0
74,0
74,0
74,0
74,0
74,0
74,0
74,0
74,0
74,0
74,0
74,0
74,0
74,0
74,0
74,0
74,0
74,0
74,0
74,0
74,0
74,0
74,0
74,0
74,0
74,0
74,0
74,0
74,0
74,0
74,0
74,0
74,0
74,0
74,0
74,0
74,0
74,0
74,0
74,0
74,0
74,0
74,0
74,0
74,0
74,0
74,0
74,0
74,0
74,0
74,0
74,0
74,0
74,0
74,0
74,0
74,0
74,0
74,0
74,0
74,0
74,0
74,0
74,0
74,0
74,0
74,0
74,0
74,0
74,0
74,0
74,0
74,0
74,0
74,0
74,0
74,0
74,0
74,0
74,0
74,0
74,0
74,0
74,0
74,0
74,0
74,0
74,0
74,0
74,0
74,0
74,0
74,0
74,0
74,0
74,0
74,0
74,0
74,0
74,0
74,0
74,0
74,0
74,0
74,0
74,0
74,0
74,0
74,0
74,0
74,0
74,0
74,0
74,0
74,0
68.666664,118.112564
74,0
74,0
74,0
74,0
74,0
74,0
74,0
74,0
74,0
74,0
74,0
74,0
74,0
74,0
74,0
74,0
74,0
74,0
74,0
74,0
74,0
74,0
74,0
74,0
74,0
74,0
74,0
74,0
74,0
74,0
74,0
74,0
74,0
74,0
74,0
74,0
74,0
74,0
74,0
74,0
74,0
74,0
74,0
74,0
74,0
74,0
74,0
74,0
74,0
74,0
74,0
74,0
74,0
74,0
74,0
74,0
74,0
74,0
74,0
74,0
74,0
74,0
74,0
74,0
74,0
74,0
74,0
74,0
74,0
74,0
74,0
74,0
74,0
74,0
74,0
74,0
74,0
74,0
74,0
74,0
74,0
74,0
74,0
74,0
74,0
74,0
74,0
74,0
74,0
74,0
74,0
74,0
74,0
74,0
74,0
74,0
74,0
74,0
74,0
74,0
74,0
74,0
74,0
74,0
74,0
74,0
74,0
74,0
74,0
74,0
74,0
74,0
74,0
74,0
74,0
74,0
74,0
74,0
74,0
74,0
74,0
74,0
74,0
74,0
74,0
74,0
74,0
74,0
74,0
74,0
74,0
74,0
74,0
74,0
74,0
74,0
74,0
74,0
74,0
74,0
74,0
74,0
74,0
74,0
74,0
74,0
74,0
74,0
74,0
74,0
74,0
74,0
74,0
74,0
74,0
74,0
74,0
74,0
74,0
74,0
74,0
74,0
74,0
74,0
74,0
74,0
74,0
74,0
74,0
74,0
74,0
74,0
74,0
74,0
74,0
74,0
74,0
74,0
74,0
74,0
74,0
74,0
74,0
74,0
74,0
74,0
74,0
74,0
74,0
74,0
74,0
74,0
74,0
74,0
74,0
74,0
74,0
74,0
74,0
74,0
74,0
74,0
74,0
74,0
74,0
74,0
74,0
74,0
74,0
74,0
74,0
74,0
74,0
74,0
74,0
74,0
74,0
74,0
74,0
74,0
74,0
74,0
74,0
74,0
74,0
74,0
74,0
74,0
74,0
74,0
74,0
74,0
74,0
74,0
74,0
74,0
74,0
74,0
74,0
74,0
74,0
74,0
74,0
74,0
74,0
74,0
74,0
74,0
74,0
74,0
74,0
74,0
74,0
74,0
74,0
74,0
74,0
74,0
74,0
74,0
74,0
74,0
74,0
74,0
74,0
74,0
74,0
74,0
74,0
74,0
74,0
74,0
74,0
74,0
74,0
74,0
74,0
74,0
74,0
74,0
74,0
74,0
74,0
74,0
74,0
74,0
74,0
74,0
74,0
74,0
74,0
74,0
74,0
74,0
74,0
74,0
74,0
74,0
74,0
74,0
74,0
74,0
74,0
74,0
74,0
74,0
74,0
74,0
74,0
74,0
74,0
74,0
74,0
74,0
74,0
74,0
74,0
74,0
74,0
74,0
74,0
74,0
74,0
74,0
74,0
74,0
74,0
74,0
74,0
74,0
74,0
74,0
74,0
74,0
74,0
74,0
74,0
74,0
74,0
74,0
74,0
74,0
74,0
74,0
74,0
74,0
74,0
74,0
74,0
74,0
74,0
74,0
74,0
74,0
74,0
74,0
74,0
74,0
74,0
74,0
74,0
74,0
74,0
74,0
74,0
74,0
74,0
74,0
74,0
74,0
74,0
74,0
74,0
74,0
74,0
74,0
74,0
74,0
74,0
74,0
74,0
74,0
74,0
74,0
98,0
74,0
74,0
74,0
74,0
74,0
74,0
74,0
74,0
74,0
74,0
74,0
74,0
74,0
74,0
74,0
74,0
74,0
74,0
74,0
74,0
74,0
74,0
74,0
74,0
74,0
74,0
74,0
74,0
74,0
74,0
74,0
74,0
74,0
74,0
74,0
74,0
74,0
74,0
74,0
74,0
74,0
74,0
74,0
74,0
74,0
74,0
74,0
74,0
74,0
74,0
74,0
74,0
74,0
74,0
74,0
74,0
74,0
74,0
74,0
74,0
74,0
74,0
74,0
74,0
74,0
74,0
74,0
74,0
74,0
74,0
74,0
74,0
74,0
74,0
74,0
74,0
74,0
74,0
74,0
74,0
74,0
74,0
74,0
74,0
74,0
74,0
74,0
74,0
74,0
74,0
74,0
74,0
74,0
74,0
74,0
74,0
74,0
74,0
74,0
74,0
74,0
74,0
74,0
74,0
74,0
74,0
74,0
74,0
74,0
74,0
74,0
74,0
74,0
74,0
74,0
74,0
74,0
74,0
74,0
74,0
74,0
74,0
74,0
74,0
74,0
74,0
74,0
74,0
74,0
74,0
74,0
74,0
74,0
74,0
74,0
74,0
74,0
74,0
74,0
74,0
74,0
74,0
74,0
74,0
74,0
74,0
74,0
74,0
74,0
74,0
74,0
74,0
74,0
74,0
74,0
74,0
74,0
74,0
74,0
74,0
74,0
74,0
74,0
74,0
74,0
74,0
74,0
74,0
74,0
74,0
74,0
74,0
74,0
74,0
74,0
74,0
74,0
74,0
74,0
74,0
74,0
74,0
74,0
74,0
74,0
74,0
74,0
74,0
74,0
74,0
74,0
74,0
74,0
74,0
74,0
74,0
74,0
74,0
74,0
74,0
74,0
74,0
74,0
74,0
74,0
74,0
74,0
74,0
74,0
74,0
74,0
74,0
74,0
74,0
74,0
74,0
74,0
74,0
74,0
74,0
74,0
74,0
74,0
74,0
74,0
74,0
74,0
74,0
74,0
74,0
74,0
74,0
74,0
74,0
74,0
74,0
74,0
74,0
74,0
74,0
74,0
74,0
74,0
74,0
74,0
74,0
74,0
74,0
74,0
74,0
74,0
74,0
74,0
74,0
74,0
74,0
74,0
74,0
74,0
74,0
74,0
74,0
74,0
74,0
74,0
74,0
74,0
74,0
74,0
74,0
74,0
74,0
74,0
74,0
74,0
74,0
74,0
74,0
74,0
74,0
74,0
74,0
74,0
74,0
74,0
74,0
74,0
74,0
74,0
74,0
74,0
74,0
74,0
74,0
74,0
74,0
74,0
74,0
74,0
74,0
74,0
74,0
74,0
74,0
74,0
74,0
74,0
74,0
74,0
74,0
74,0
74,0
74,0
74,0
74,0
74,0
74,0
74,0
74,0
74,0
74,0
74,0
74,0
74,0
74,0
74,0
74,0
74,0
74,0
74,0
74,0
74,0
74,0
74,0
74,0
74,0
74,0
74,0
74,0
74,0
74,0
74,0
74,0
74,0
74,0
74,0
74,0
74,0
74,0
74,0
74,0
74,0
74,0
74,0
74,0
74,0
74,0
74,0
74,0
74,0
74,0
74,0
74,0
74,0
74,0
74,0
74,0
74,0
74,0
74,0
74,0
74,0
74,0
74,0
74,0
74,0
74,0
74,0
74,0
74,0
74,0
74,0
74,0
74,0
74,0
74,0
74,0
74,0
74,0
74,0
74,0
74,0
74,0
74,0
74,0
74,0
74,0
74,0
74,0
74,0
74,0
74,0
74,0
74,0
74,0
74,0
74,0
74,0
74,0
74,0
74,0
74,0
74,0
74,0
74,0
74,0
74,0
74,0
74,0
74,0
74,0
74,0
74,0
74,0
74,0
74,0
74,0
74,0
74,0
74,0
74,0
74,0
74,0
74,0
74,0
74,0
74,0
74,0
74,0
74,0
74,0
74,0
74,0
74,0
74,0
74,0
74,0
74,0
74,0
74,0
74,0
74,0
74,0
74,0
74,0
74,0
74,0
74,0
74,0
74,0
74,0
74,0
74,0
74,0
74,0
74,0
74,0
74,0
74,0
74,0
74,0
74,0
74,0
74,0
74,0
74,0
74,0
74,0
74,0
74,0
74,0
74,0
74,0
74,0
74,0
74,0
74,0
74,0
74,0
74,0
74,0
74,0
74,0
74,0
74,0
74,0
74,0
74,0
74,0
74,0
74,0
74,0
74,0
74,0
74,0
74,0
74,0
74,0
74,0
74,0
74,0
74,0
74,0
74,0
74,0
74,0
74,0
74,0
74,0
74,0
74,0
74,0
74,0
74,0
74,0
68.666664,91.49131
74,0
74,0
74,0
74,0
74,0
74,0
74,0
74,0
74,0
74,0
74,0
74,0
74,0
74,0
74,0
74,0
74,0
74,0
74,0
74,0
74,0
74,0
74,0
74,0
74,0
74,0
74,0
74,0
74,0
74,0
74,0
74,0
74,0
74,0
74,0
74,0
74,0
74,0
74,0
74,0
74,0
74,0
74,0
74,0
74,0
74,0
74,0
74,0
74,0
74,0
74,0
74,0
74,0
74,0
74,0
74,0
74,0
74,0
74,0
74,0
74,0
74,0
74,0
74,0
74,0
74,0
74,0
74,0
1238.733765,27.601219
1356.627686,37.400253
74,0
74,0
74,0
74,0
74,0
74,0
74,0
74,0
74,0
74,0
74,0
74,0
74,0
74,0
74,0
74,0
74,0
74,0
74,0
74,0
74,0
74,0
74,0
74,0
74,0
74,0
74,0
74,0
74,0
74,0
74,0
74,0
74,0
74,0
74,0
74,0
74,0
74,0
74,0
74,0
74,0
74,0
74,0
74,0
74,0
74,0
74,0
74,0
74,0
74,0
74,0
74,0
74,0
74,0
74,0
74,0
74,0
74,0
74,0
74,0
74,0
74,0
74,0
74,0
74,0
74,0
74,0
74,0
74,0
74,0
74,0
74,0
74,0
74,0
74,0
74,0
74,0
1347.911987,31.612804
1331.788208,16.803448
74,0
74,0
74,0
74,0
74,0
74,0
74,0
74,0
74,0
74,0
74,0
74,0
74,0
74,0
74,0
74,0
74,0
74,0
74,0
74,0
74,0
74,0
74,0
74,0
74,0
74,0
74,0
74,0
74,0
74,0
74,0
74,0
74,0
74,0
74,0
74,0
74,0
74,0
74,0
74,0
74,0
74,0
74,0
74,0
74,0
74,0
74,0
74,0
74,0
74,0
74,0
74,0
74,0
74,0
74,0
74,0
74,0
74,0
74,0
74,0
74,0
74,0
74,0
74,0
74,0
74,0
74,0
74,0
74,0
74,0
74,0
74,0
74,0
74,0
74,0
74,0
74,0
98,0
74,0
74,0
74,0
74,0
74,0
74,0
74,0
74,0
74,0
74,0
74,0
74,0
74,0
74,0
74,0
74,0
74,0
74,0
74,0
74,0
74,0
74,0
74,0
74,0
74,0
74,0
74,0
74,0
74,0
74,0
74,0
74,0
74,0
74,0
74,0
74,0
74,0
74,0
74,0
74,0
74,0
74,0
74,0
74,0
74,0
74,0
74,0
74,0
74,0
74,0
74,0
74,0
74,0
74,0
74,0
74,0
74,0
74,0
74,0
74,0
74,0
74,0
74,0
74,0
74,0
74,0
74,0
74,0
74,0
74,0
74,0
74,0
74,0
74,0
74,0
74,0
74,0
74,0
74,0
74,0
74,0
74,0
74,0
74,0
74,0
74,0
74,0
74,0
74,0
74,0
74,0
74,0
74,0
74,0
74,0
74,0
74,0
74,0
74,0
74,0
74,0
74,0
74,0
74,0
74,0
74,0
74,0
74,0
74,0
74,0
74,0
74,0
74,0
74,0
74,0
74,0
74,0
74,0
74,0
74,0
74,0
74,0
74,0
74,0
74,0
74,0
74,0
74,0
74,0
74,0
74,0
74,0
74,0
74,0
74,0
74,0
74,0
74,0
74,0
74,0
74,0
74,0
74,0
74,0
74,0
74,0
74,0
74,0
74,0
74,0
74,0
74,0
74,0
74,0
74,0
74,0
74,0
74,0
74,0
74,0
74,0
74,0
74,0
74,0
74,0
74,0
74,0
74,0
74,0
74,0
74,0
74,0
74,0
74,0
74,0
74,0
74,0
74,0
74,0
74,0
74,0
74,0
74,0
74,0
74,0
74,0
74,0
74,0
74,0
74,0
74,0
74,0
74,0
74,0
74,0
74,0
74,0
74,0
74,0
74,0
74,0
74,0
74,0
74,0
74,0
74,0
74,0
74,0
74,0
74,0
74,0
74,0
74,0
74,0
74,0
74,0
74,0
74,0
74,0
74,0
74,0
74,0
74,0
74,0
74,0
74,0
74,0
74,0
74,0
74,0
74,0
74,0
74,0
74,0
74,0
74,0
74,0
74,0
74,0
74,0
74,0
74,0
74,0
74,0
74,0
74,0
74,0
74,0
74,0
74,0
74,0
74,0
74,0
74,0
74,0
74,0
74,0
74,0
74,0
74,0
74,0
74,0
74,0
74,0
74,0
74,0
74,0
74,0
74,0
74,0
74,0
74,0
74,0
74,0
74,0
74,0
74,0
74,0
74,0
74,0
74,0
74,0
74,0
74,0
74,0
74,0
74,0
74,0
74,0
74,0
74,0
74,0
74,0
74,0
74,0
74,0
74,0
74,0
74,0
74,0
74,0
74,0
74,0
74,0
74,0
74,0
74,0
74,0
74,0
74,0
74,0
74,0
74,0
74,0
74,0
74,0
74,0
74,0
74,0
74,0
74,0
74,0
74,0
74,0
74,0
74,0
74,0
74,0
74,0
74,0
74,0
74,0
74,0
74,0.667398
98,0
150,18.887167
150,18.887526
98,0
98,0
201.800003,43.981659
182.666672,29.407007
114,0
98,0
637.599976,43.013531
1279.432983,860.698792
1334.533936,41.006161
100,4.329192
1322.624023,24.803522
1366.363647,54.848892
429.600006,58.870472
98,0
109.888885,44.468903
228.454544,86.299896
74,0
74,0
177,34.843811
177,35.034245
176.333328,34.966259
98,0
98,0
98,0
98,0
1261.084717,49.423515
1354.772583,46.405476
1355.218994,41.813194
1352.687256,48.680683
98,0
184.199997,28.317581
667,48.84959
98,0
98,0
98,0
190.25,56.644386
177,37.763638
98,0
636.799988,43.053806
1275.14917,458.183624
1326.832153,27.200888
1311.519653,25.222998
1355.763916,28.611933
98,0
643.538452,53.396935
98,0
98,0
98,0
98,0
1265.403931,50.808311
1371.67041,53.812164
1357.135254,41.322762
1359.992188,50.818184
98,0
66,0
94,0
98,0
98,0
64,0
98,0
98,0
1259.32605,45.815228
1368.509888,50.400845
1341.261841,38.176891
1359.061157,45.638252
699.15387,69.390236
98,0
76.333336,79.811646
150,18.852274
150,18.852985
98,0
102,0
98,0
229.27272,79.631783
121,53.216965
194.75,42.169182
150,26.368526
98,0
98,0
1266.289062,34.416344
1350.648315,28.978846
1348.993774,32.22958
1341.012817,31.013641
184.199997,32.25156
98,0
177,41.65799
176.333328,42.668488
177,41.690117
98,0
98,0
54,0
42,0
54,0
58,0
85,0
85,0
74,0
74,0.966157
68.666664,134.084198
74,0.974512
74,0.975383
68.666664,132.573242
74,0
74,0.977327
74,0.978334
74,0.979156
74,0.96715
74,0.969001
74,0.97176
74,0.972717
74,0.974572
74,0.975504
98,0
114,0
74,0
74,0
74,0
74,0
74,0
74,0
74,0
74,0
74,0
74,0
74,0
74,0
74,0
74,0
68.666664,125.841568
74,0
74,0
74,0
74,0
74,0
74,0
74,0
74,0
74,0
74,0
74,0
74,0
74,0
74,0
74,0
74,0
74,0
74,0
74,0
74,0
74,0
74,0
74,0
74,0
74,0
74,0
74,0
74,0
74,0
74,0
74,0
74,0
74,0
74,0
74,0
637.599976,57.111042
74,0
74,0
74,0
74,0
74,0
74,0
74,0
74,0
74,0
74,0
74,0
74,0
74,0
74,0
74,0
74,0
74,0
74,0
74,0
74,0
74,0
74,0
74,0
74,0
74,0
74,0
74,0
74,0
74,0
74,0
74,0
74,0
74,0
74,0
74,0
74,0
1266,32.201714
98,0
1364.986938,61.212658
74,0
74,0
74,0
74,0
74,0
74,0
74,0
74,0
74,0
74,0
74,0
74,0
74,0
74,0
1331.713379,32.629948
74,0
74,0
74,0
74,0
74,0
74,0
74,0
74,0
74,0
74,0
74,0
74,0
74,0
74,0
74,0
74,0
74,0
74,0
74,0
74,0
74,0
74,0
1358.830078,51.623241
74,0
74,0
74,0
74,0
74,0
74,0
74,0
74,0
74,0
74,0
74,0
74,0
464.777771,55.23069
74,0
74,0
74,0
74,0
74,0
74,0
74,0
74,0
74,0
74,0
74,0
74,0
74,0
74,0
74,0
74,0
74,0
74,0
74,0
74,0
74,0
74,0
74,0
74,0
74,0
74,0
74,0
74,0
74,0
74,0
74,0
74,0
74,0
74,0
74,0
74,0
74,0
74,0
74,0
74,0
74,0
74,0
74,0
74,0
74,0
74,0
74,0
74,0
74,0
74,0
74,0
74,0
74,0
74,0
74,0
74,0
74,0
74,0
74,0
74,0
74,0
74,0
74,0
74,0
74,0
74,0
74,0
74,0
74,0
74,0
74,0
74,0
74,0
74,0
74,0
74,0
74,0
74,0
74,0
74,0
74,0
74,0
74,0
74,0
74,0
74,0
74,0
74,0
74,0
74,0
74,0
74,0
74,0
74,0
74,0
74,0
74,0
74,0
74,0
74,0
74,0
74,0
74,0
74,0
74,0
74,0
74,0
74,0
74,0
74,0
74,0
74,0
74,0
74,0
74,0
74,0
74,0
74,0
74,0
74,0
74,0
74,0
74,0
74,0
74,0
74,0
74,0
74,0
74,0
74,0
74,0
74,0
74,0
74,0
74,0
74,0
74,0
74,0
74,0
74,0
74,0
74,0
74,0
74,0
74,0
74,0
74,0
74,0
74,0
74,0
74,0
74,0
74,0
74,0
74,0
74,0
74,0
74,0
74,0
74,0
74,0
74,0
74,0
74,0
74,0
74,0
74,0
74,0
74,0
74,0
74,0
74,0
74,0
74,0
74,0
74,0
74,0
74,0
74,0
74,0
74,0
74,0
74,0
74,0
74,0
74,0
74,0
74,0
74,0
74,0
74,0
74,0
74,0
74,0
74,0
74,0
74,0
74,0
74,0
74,0
74,0
74,0
74,0
74,0
98,0
74,0
74,0
74,0
74,0
74,0
74,0
74,0
74,0
74,0
74,0
74,0
74,0
68.666664,143.523499
74,0
74,0
74,0
74,0
74,0
74,0
74,0
74,0
74,0
74,0
74,0
74,0
74,0
74,0
74,0
74,0
74,0
74,0
74,0
74,0
74,0
74,0
74,0
74,0
74,0
74,0
74,0
74,0
74,0
74,0
74,0
74,0
74,0
74,0
74,0
74,0
74,0
74,0
74,0
74,0
74,0
74,0
74,0
74,0
74,0
74,0
74,0
74,0
74,0
74,0
74,0
74,0
74,0
74,0
74,0
74,0
74,0
74,0
74,0
74,0
74,0
74,0
74,0
98,0
74,0
74,0
74,0
74,0
74,0
74,0
74,0
74,0
74,0
74,0
74,0
74,0
74,0
74,0
74,0
74,0
74,0
74,0
74,0
74,0
74,0
74,0
74,0
74,0
74,0
74,0
74,0
74,0
74,0
74,0
74,0
74,0
74,0
74,0
74,0
74,0
74,0
74,0
74,0
74,0
74,0
74,0
74,0
74,0
74,0
74,0
74,0
74,0
74,0
74,0
74,0
74,0
74,0
74,0
74,0
74,0
74,0
74,0
74,0
74,0
74,0
74,0
74,0
74,0
74,0
74,0
74,0
74,0
74,0
74,0
74,0
74,0
74,0
74,0
74,0
74,0
74,0
74,0
74,0
74,0
74,0
74,0
74,0
74,0
74,0
74,0
74,0
74,0
74,0
74,0
74,0
74,0
74,0
74,0
74,0
74,0
74,0
74,0
74,0
74,0
74,0
74,0
74,0
74,0
74,0
74,0
74,0
74,0
74,0
74,0
74,0
74,0
74,0
74,0
74,0
74,0
74,0
74,0
74,0
74,0
74,0
74,0
74,0
74,0
74,0
74,0
74,0
74,0
74,0
74,0
74,0
74,0
74,0
74,0
74,0
74,0
74,0
74,0
74,0
74,0
74,0
74,0
74,0
74,0
74,0
74,0
74,0
74,0
74,0
74,0
74,0
74,0
74,0
74,0
74,0
74,0
74,0
74,0
74,0
74,0
74,0
74,0
74,0
74,0
74,0
74,0
74,0
74,0
74,0
74,0
74,0
74,0
74,0
74,0
74,0
74,0
74,0
74,0
74,0
74,0
74,0
74,0
74,0
74,0
74,0
74,0
74,0
74,0
74,0
74,0
74,0
74,0
74,0
74,0
74,0
74,0
74,0
74,0
74,0
74,0
74,0
74,0
74,0
74,0
74,0
74,0
74,0
74,0
74,0
74,0
74,0
74,0
74,0
74,0
74,0
74,0
74,0
74,0
74,0
74,0
74,0
74,0
74,0
74,0
74,0
74,0
74,0
74,0
74,0
74,0
74,0
74,0
74,0
74,0
74,0
74,0
74,0
74,0
74,0
74,0
74,0
74,0
74,0
74,0
74,0
74,0
74,0
74,0
74,0
74,0
74,0
74,0
74,0
74,0
74,0
74,0
74,0
74,0
74,0
74,0
74,0
74,0
74,0
74,0
74,0
74,0
74,0
74,0
74,0
74,0
74,0
74,0
74,0
74,0
74,0
74,0
74,0
74,0
74,0
74,0
74,0
74,0
74,0
74,0
74,0
74,0
74,0
74,0
74,0
74,0
74,0
74,0
74,0
74,0
74,0
74,0
74,0
74,0
74,0
74,0
74,0
74,0
74,0
74,0
74,0
74,0
74,0
74,0
74,0
74,0
74,0
74,0
74,0
74,0
74,0
74,0
74,0
74,0
74,0
74,0
74,0
74,0
74,0
74,0
74,0
74,0
74,0
74,0
74,0
74,0
74,0
74,0
74,0
74,0
74,0
74,0
74,0
74,0
74,0
74,0
74,0
74,0
74,0
74,0
74,0
74,0
74,0
74,0
74,0
74,0
74,0
74,0
74,0
74,0
74,0
74,0
74,0
74,0
74,0
74,0
74,0
74,0
74,0
74,0
74,0
74,0
74,0
74,0
74,0
74,0
74,0
74,0
74,0
74,0
74,0
74,0
74,0
74,0
74,0
74,0
74,0
74,0
74,0
74,0
74,0
74,0
74,0
74,0
74,0
74,0
74,0
74,0
74,0
74,0
74,0
74,0
74,0
74,0
74,0
74,0
74,0
74,0
74,0
74,0
74,0
74,0
74,0
74,0
74,0
74,0
74,0
74,0
74,0
74,0
74,0
74,0
74,0
74,0
74,0
74,0
74,0
74,0
74,0
74,0
74,0
74,0
74,0
74,0
74,0
74,0
74,0
74,0
74,0
74,0
74,0
74,0
74,0
74,0
74,0
74,0
74,0
74,0
74,0
74,0
74,0
74,0
74,0
74,0
74,0
74,0
74,0
74,0
74,0
74,0
74,0
74,0
74,0
74,0
74,0
74,0
74,0
74,0
74,0
74,0
74,0
74,0
74,0
74,0
74,0
74,0
74,0
74,0
74,0
74,0
74,0
74,0
74,0
74,0
74,0
98,0
74,0
74,0
74,0
74,0
74,0
74,0
74,0
74,0
74,0
74,0
74,0
74,0
74,0
74,0
74,0
74,0
74,0
74,0
74,0
74,0
74,0
74,0
74,0
74,0
74,0
74,0
74,0
74,0
74,0
74,0
74,0
74,0
74,0
74,0
74,0
74,0
74,0
74,0
74,0
74,0
74,0
74,0
74,0
74,0
74,0
74,0
74,0
74,0
74,0
74,0
74,0
74,0
74,0
74,0
74,0
74,0
74,0
74,0
74,0
74,0
74,0
74,0
74,0
74,0
74,0
74,0
74,0
74,0
74,0
74,0
74,0
74,0
74,0
74,0
74,0
74,0
74,0
74,0
74,0
74,0
74,0
74,0
74,0
74,0
74,0
74,0
74,0
74,0
74,0
74,0
74,0
74,0
74,0
74,0
74,0
74,0
74,0
74,0
74,0
74,0
74,0
74,0
74,0
74,0
74,0
74,0
74,0
74,0
74,0
74,0
74,0
74,0
74,0
74,0
74,0
74,0
74,0
74,0
74,0
74,0
74,0
74,0
74,0
74,0
74,0
74,0
74,0
74,0
74,0
74,0
74,0
74,0
74,0
74,0
74,0
74,0
74,0
74,0
74,0
74,0
74,0
74,0
74,0
74,0
74,0
74,0
74,0
74,0
74,0
74,0
74,0
74,0
74,0
74,0
74,0
74,0
74,0
74,0
74,0
74,0
74,0
74,0
74,0
74,0
74,0
74,0
74,0
74,0
74,0
74,0
74,0
74,0
74,0
74,0
74,0
74,0
74,0
74,0
74,0
74,0
74,0
74,0
74,0
74,0
74,0
74,0
74,0
74,0
74,0
74,0
74,0
74,0
74,0
74,0
74,0
74,0
68.666664,83.40979
74,0
74,0
74,0
74,0
74,0
74,0
74,0
74,0
74,0
74,0
74,0
74,0
74,0
74,0
74,0
74,0
74,0
74,0
74,0
74,0
74,0
74,0
74,0
74,0
74,0
74,0
74,0
74,0
74,0
74,0
74,0
74,0
74,0
74,0
74,0
74,0
74,0
74,0
74,0
74,0
74,0
74,0
74,0
74,0
74,0
74,0
74,0
74,0
74,0
74,0
74,0
74,0
74,0
74,0
74,0
74,0
74,0
74,0
74,0
74,0
74,0
74,0
74,0
74,0
74,0
74,0
74,0
74,0
74,0
74,0
74,0
74,0
74,0
74,0
74,0
74,0
74,0
74,0
74,0
74,0
74,0
74,0
74,0
74,0
74,0
74,0
74,0
74,0
74,0
74,0
74,0
74,0
74,0
74,0
74,0
74,0
74,0
74,0
74,0
74,0
74,0
74,0
74,0
74,0
74,0
74,0
74,0
74,0
74,0
74,0
74,0
74,0
74,0
74,0
74,0
74,0
74,0
74,0
74,0
74,0
74,0
74,0
74,0
74,0
74,0
74,0
74,0
74,0
74,0
74,0
74,0
74,0
74,0
74,0
74,0
74,0
74,0
74,0
74,0
74,0
74,0
74,0
74,0
74,0
74,0
74,0
74,0
74,0
74,0
74,0
74,0
74,0
74,0
74,0
74,0
74,0
74,0
74,0
74,0
74,0
74,0
74,0
74,0
74,0
74,0
74,0
74,0
74,0
74,0
74,0
74,0
74,0
74,0
74,0
74,0
74,0
74,0
74,0
74,0
74,0
74,0
74,0
74,0
74,0
74,0
74,0
74,0
74,0
74,0
74,0
74,0
74,0
74,0
74,0
74,0
74,0
74,0
74,0
74,0
74,0
74,0
74,0
74,0
74,0
74,0
74,0
74,0
74,0
74,0
74,0
74,0
74,0
74,0
74,0
74,0
74,0
74,0
74,0
74,0
74,0
74,0
74,0
74,0
74,0
74,0
74,0
74,0
74,0
74,0
74,0
74,0
74,0
74,0
74,0
74,0
74,0
74,0
74,0
74,0
74,0
74,0
74,0
74,0
74,0
74,0
74,0
74,0
74,0
74,0
74,0
74,0
74,0
74,0
74,0
74,0
74,0
74,0
74,0
74,0
74,0
74,0
74,0
74,0
74,0
74,0
74,0
74,0
74,0
74,0
74,0
74,0
74,0
74,0
74,0
74,0
74,0
74,0
74,0
74,0
74,0
74,0
74,0
74,0
74,0
74,0
74,0
74,0
74,0
74,0
74,0
74,0
74,0
74,0
74,0
74,0
74,0
74,0
74,0
74,0
74,0
74,0
74,0
74,0
74,0
74,0
74,0
74,0
74,0
74,0
74,0
74,0
74,0
74,0
74,0
74,0
74,0
74,0
74,0
74,0
74,0
74,0
74,0
74,0
74,0
74,0
74,0
74,0
74,0
74,0
74,0
74,0
74,0
74,0
74,0
74,0
74,0
74,0
74,0
74,0
74,0
74,0
74,0
74,0
74,0
74,0
74,0
74,0
74,0
74,0
74,0
74,0
74,0
74,0
74,0
74,0
74,0
74,0
74,0
74,0
74,0
74,0
74,0
74,0
74,0
74,0
74,0
74,0
74,0
74,0
74,0
74,0
74,0
74,0
74,0
74,0
74,0
74,0
74,0
74,0
74,0
74,0
74,0
74,0
74,0
74,0
98,0
74,0
74,0
74,0
74,0
74,0
74,0
74,0
74,0
74,0
74,0
74,0
74,0
74,0
74,0
74,0
74,0
74,0
74,0
74,0
74,0
74,0
74,0
74,0
74,0
74,0
74,0
74,0
74,0
74,0
74,0
74,0
74,0
74,0
74,0
74,0
74,0
74,0
74,0
74,0
74,0
74,0
74,0
74,0
74,0
74,0
74,0
74,0
74,0
74,0
74,0
74,0
74,0
74,0
74,0
74,0
74,0
74,0
74,0
74,0
74,0
74,0
74,0
74,0
74,0
74,0
74,0
74,0
74,0
74,0
74,0
74,0
74,0
74,0
74,0
74,0
74,0
74,0
74,0
74,0
74,0
74,0
74,0
74,0
74,0
74,0
74,0
74,0
74,0
74,0
74,0
74,0
74,0
74,0
74,0
74,0
74,0
74,0
74,0
74,0
74,0
74,0
74,0
74,0
74,0
74,0
74,0
74,0
74,0
74,0
74,0
74,0
74,0
74,0
74,0
74,0
74,0
74,0
74,0
74,0
74,0
74,0
74,0
74,0
74,0
74,0
74,0
74,0
74,0
74,0
74,0
74,0
74,0
74,0
74,0
74,0
74,0
74,0
74,0
74,0
74,0
74,0
74,0
74,0
74,0
74,0
74,0
74,0
74,0
74,0
74,0
74,0
74,0
74,0
74,0
74,0
74,0
74,0
74,0
74,0
74,0
74,0
74,0
74,0
74,0
74,0
74,0
74,0
74,0
74,0
74,0
74,0
74,0
74,0
74,0
74,0
74,0
74,0
74,0
74,0
74,0
74,0
74,0
74,0
74,0
74,0
74,0
74,0
74,0
74,0
74,0
74,0
74,0
74,0
74,0
74,0
74,0
74,0
74,0
74,0
74,0
74,0
74,0
74,0
74,0
74,0
74,0
74,0
74,0
74,0
74,0
74,0
74,0
74,0
74,0
74,0
74,0
74,0
74,0
74,0
74,0
74,0
74,0
74,0
74,0
74,0
74,0
74,0
74,0
74,0
74,0
74,0
74,0
74,0
74,0
74,0
74,0
74,0
74,0
74,0
74,0
74,0
74,0
74,0
74,0
74,0
74,0
74,0
74,0
74,0
74,0
74,0
74,0
74,0
74,0
74,0
74,0
74,0
74,0
74,0
74,0
74,0
74,0
74,0
74,0
74,0
74,0
74,0
74,0
74,0
74,0
74,0
74,0
74,0
74,0
74,0
74,0
74,0
74,0
74,0
74,0
74,0
74,0
74,0
74,0
74,0
74,0
74,0
74,0
74,0
74,0
74,0
74,0
74,0
74,0
74,0
74,0
74,0
74,0
74,0
74,0
74,0
74,0
74,0
74,0
74,0
74,0
74,0
74,0
74,0
74,0
74,0
74,0
74,0
74,0
74,0
74,0
74,0
74,0
74,0
74,0
74,0
74,0
74,0
74,0
74,0
74,0
74,0
74,0
74,0
74,0
74,0
74,0
74,0
74,0
74,0
74,0
74,0
74,0
74,0
74,0
74,0
74,0
74,0
74,0
74,0
74,0
74,0
74,0
74,0
74,0
74,0
74,0
74,0
74,0
74,0
74,0
74,0
74,0
74,0
74,0
74,0
74,0
74,0
74,0
74,0
74,0
74,0
74,0
74,0
74,0
74,0
74,0
74,0
74,0
74,0
74,0
74,0
74,0
74,0
74,0
74,0
74,0
74,0
74,0
74,0
190,41.712437
177,28.196415
74,0
74,0
74,0
74,0
74,0
74,0
74,0
74,0
74,0
74,0
74,0
68.666664,90.975258
74,0
74,0
74,0
74,0
74,0
74,0
74,0
74,0
74,0
74,0
74,0
74,0
74,0
74,0
74,0
74,0
74,0
74,0
74,0
74,0
74,0
74,0
74,0
74,0
74,0
74,0
74,0
74,0
74,0
74,0
74,0
74,0
74,0
74,0
74,0
74,0
74,0
74,0
74,0
74,0
74,0
74,0
74,0
74,0
74,0
74,0
74,0
74,0
74,0
74,0
74,0
74,0
74,0
74,0
74,0
74,0
74,0
74,0
74,0
74,0
74,0
74,0
74,0
74,0
74,0
74,0
74,0
74,0
74,0
74,0
74,0
74,0
74,0
74,0
74,0
74,0
74,0
74,0
74,0
74,0
74,0
74,0
74,0
74,0
74,0
74,0
74,0
74,0
74,0
74,0
74,0
74,0
74,0
74,0
74,0
74,0
74,0
74,0
74,0
74,0
74,0
74,0
74,0
74,0
74,0
74,0
74,0
74,0
74,0
74,0
74,0
74,0
74,0
98,0
1260.246948,33.003616
1353.593262,41.602108
1335.016113,37.075172
1354.863892,42.4095
98,0
98,0
121,37.980213
620.75,53.291733
98,0
98,0
73.75,0.601938
835.200012,54.808784
98,0
1267.701904,50.802258
1366.199951,49.823586
488,31.107262
1358.371704,38.02079
1366.310425,55.212269
98,0
98,0
115.375,81.478729
74,0
74,0
643.538452,74.656586
98,0
102,0
98,0
98,0
1246.359985,29.80551
1357.342285,37.219452
1331.509033,32.80574
1363.724976,39.817871
98,0
184,30.312677
98,0
145.5,62.492191
219.72728,68.945549
150,14.682778
149.5,15.119443
98,0
94,0
98,0
194.75,56.672211
176.666672,31.726896
98,0
1245.607666,25.861971
1355.515503,44.811756
1342.969482,32.621555
1293.261353,17.401138
98,0
699.15387,51.757603
177,30.79434
177,30.79434
176.333328,25.067684
98,0
98,0
98,0
98,0
1369.240356,51.4067
1276.722168,75.742828
1344.858521,42.22913
1369.099487,84.243469
98,0
98,0
119,1.008067
98,0
98,0
245.600006,88.717148
192.25,46.353523
182.333328,33.021282
98,0
114,0
488.714294,25.969978
1367.028687,55.615875
1266.288086,37.475101
1357.847656,39.224781
1351.076294,44.428677
429.700012,54.557026
98,0
74,0.667379
98,0
73.75,0.626443
100,0.432664
98,0
145.5,62.652714
147.454544,38.924286
64,0
64,0
98,0
98,0
1359.665039,40.427525
1268.994385,35.642487
1189.564087,7.612445
1364.452393,41.832035
184.199997,30.057333
98,0
620.833313,59.462994
98,0
98,0
98,0
98,0
1370.298462,51.443768
1255.005493,36.07172
1369.195068,64.433792
1345.741821,42.424946
636.799988,42.979324
98,0
149.5,14.509787
150,14.921364
643.538452,70.703857
98,0
98,0
176.666672,37.765064
194.75,56.646526
98,0
996.952393,4.070303
98,0
1266.046265,34.675896
1324.481812,27.228449
1345.282959,40.823433
98,0
325.5,107.994545
177,38.116291
176.333328,37.13055
177,36.645473
98,0
98,0
73.75,0.621882
64,0
94,0
98,0
1362.345459,77.230659
1263.518066,33.443687
1359.770508,36.53981
1361.143677,37.423325
98,0
115.375,87.611702
74,0
74,0
699.15387,62.542995
98,0
98,0
184.199997,30.079258
98,0
182.333328,24.171522
194.25,49.268364
98,0
1349.831543,37.189251
1256.987549,32.050766
1353.161133,29.622755
1345.554199,33.375782
98,0
184,30.093967
102,0
98,0
98,0
98,0
98,0
685.181824,2.045955
858,1.404498
1325.156494,29.241615
114,0
1355.71875,38.517464
637.599976,40.407307
464.444458,46.270058
98,0
98,0
98,0
98,0
98,0
98,0
1366.985107,67.410736
1262.649048,60.228851
1336.333374,28.604536
1354.964966,34.273918
121,43.805534
736,56.425446
98,0
73.75,0.624219
98,0
666.909119,58.754406
150,18.882889
149.5,18.882889
98,0
98,0
229.181824,77.928352
182.666672,30.434914
170,64.114891
98,0
1364.87793,34.326832
1258.522583,31.020956
1332.397217,29.058104
1356.786133,35.167366
636.799988,35.748119
98,0
176.333328,44.364586
177,43.34446
177,42.428612
98,0
643.538452,69.425156
98,0
98,0
98,0
638,1.839113
866.25,1.436734
1327.862305,27.421312
1351.431274,32.5891
184.199997,30.092382
98,0
98,0
102,0
98,0
98,0
194,50.021675
182.333328,34.49049
94,0
98,0
1364.72876,61.297943
1267.404297,56.790543
1331.599976,27.001724
1323.076416,31.827953
66,0
98,0
699.15387,62.84565
98,0
98,0
98,0
98,0
1355.260254,29.309376
1322.343506,26.439201
1346.285767,19.401655
76.333336,125.125122
98,0
98,0
98,0
213.5,21.56815
98,0
1250.124023,48.206554
98,0
1321.413818,28.845879
1316.689941,25.732082
1342.067749,38.667355
464,48.47163
637.599976,35.653168
114,0
98,0
219.72728,77.153946
154,20.001202
150,18.220909
98,0
98,0
196.75,46.432442
201.800003,78.594727
98,0
100,0.23195
1262.487793,24.401108
1347.800049,27.832798
1323.842529,25.49033
98,0
74,0.668248
98,0
177,37.637848
177,37.637848
176.333328,37.637138
621.083313,57.211514
98,0
98,0
98,0
1346.978516,485.238617
1238.54541,278.459534
1351.02832,28.077364
1345.767944,25.008259
98,0
636.799988,39.954453
89,0
98,0
89,0
643.538452,60.686054
98,0
98,0
325.916656,70.66684
196.25,39.850163
150.5,20.496424
98,0
1348.565186,50.422325
1258.071167,53.324738
1343.870483,27.621998
1320.325439,25.730297
98,0
98,0
98,0
98,0
213.75,22.556051
64,0
98,0
94,0
1335.018677,32.022129
1248.192627,27.228855
1346.513916,29.290565
1324.976318,25.379658
98,0
98,0
699.15387,71.550377
98,0
98,0
98,0
992.478271,4.444667
1225.877686,27.772316
1346.25,29.598148
1315.620117,25.877333
98,0
98,0
154,14.492964
150,15.135921
98,0
98,0
192.5,56.596298
182.666672,39.201851
98,0
1354.573608,53.030788
1241.644409,26.9716
102,0
1338.219238,29.2689
1346.838745,24.730518
115.375,87.496719
74,0
74,0
429.600006,58.51033
637.599976,40.006802
98,0
114,0
244.899994,64.339485
177,38.959015
177,32.159512
176.333328,33.744453
98,0
98,0
98,0
98,0
1335.798218,21.603094
1248.142822,26.418652
1326.44751,28.554045
1321.696045,24.891281
98,0
98,0
98,0
620.75,63.380119
98,0
184.199997,29.226948
98,0
205,52.500328
177,37.166431
1281.716064,16.003075
1239.969727,26.650982
98,0
1305.696045,25.097042
636.799988,40.032425
98,0
98,0
643.538452,68.255508
98,0
98,0
1323.199951,486.102356
1361.591797,48.886032
98,0
1344.789917,23.624395
73.75,0.60789
98,0
98,0
98,0
98,0
1324.272095,424.212128
1208.09021,55.123707
1348.764648,27.043388
1349.68335,23.820595
98,0
94,0
102,0
98,0
699.15387,68.252396
154,13.710464
150,13.71065
98,0
98,0
98,0
326.083344,90.289749
192,32.614014
176.666672,24.520021
1247.633667,34.212002
1345.48877,35.401714
1333.73291,29.041105
1319.763794,25.234703
98,0
98,0
176.333328,27.398388
177,27.399137
177,27.398762
98,0
98,0
184.199997,32.004608
98,0
1274.043945,428.506134
1334.221191,327.395691
1347.034302,29.126942
1322.543335,25.269608
469,52.273571
98,0
637.599976,35.692295
114,0
98,0
98,0
98,0
196.25,50.029182
98,0
177,33.85355
1249.874023,490.898224
1348.088989,364.105713
1331.331055,29.630711
1320.62793,25.650461
98,0
98,0
98,0
358.405396,10.201405
98,0
98,0
98,0
1345.875,38.212643
1256.52478,40.204544
1336.130737,30.400099
1341.256592,22.458342
98,0
636.799988,35.699944
74,0.668747
98,0
98,0
643.538452,75.557236
102,0
98,0
98,0
1319.710693,24.007826
1218.039429,29.166899
1348.717896,31.221685
1322.986938,30.579151
98,0
98,0
309.083344,85.301071
150,18.476774
154,19.992802
98,0
184.199997,30.582676
64,0
98,0
176.666672,35.707272
190.25,55.543213
1353.209351,34.214283
1247.990112,40.209641
98,0
823.444458,1.606347
98,0
94,0
177,27.431831
177,27.431831
176.333328,27.431831
98,0
699.15387,61.874805
54,0
42,0
54,0
58,0
85,0
85,0
74,0
74,0.959722
74,0.960649
68.666664,132.987564
74,0.96241
74,0.977241
74,0.978346
74,0.979309
74,0.980277
74,0.981167
74,0.976495
74,0.977426
98,0
74,0
74,0
74,0
74,0
74,0
74,0
74,0
74,0
74,0
74,0
74,0
74,0
68.666664,133.484619
74,0
74,0
74,0
74,0
74,0
74,0
74,0
68.666664,100.170288
74,0
74,0
74,0
74,0
74,0
74,0
74,0
74,0
74,0
74,0
74,0
74,0
74,0
74,0
74,0
74,0
74,0
74,0
74,0
74,0
74,0
74,0
74,0
74,0
74,0
74,0
74,0
74,0
74,0
74,0
74,0
74,0
74,0
74,0
74,0
74,0
74,0
74,0
74,0
74,0
74,0
74,0
74,0
74,0
74,0
74,0
74,0
74,0
74,0
74,0
74,0
74,0
74,0
74,0
74,0
74,0
74,0
74,0
74,0
74,0
74,0
74,0
74,0
74,0
74,0
74,0
74,0
74,0
74,0
74,0
74,0
74,0
74,0
74,0
74,0
74,0
74,0
74,0
74,0
74,0
74,0
74,0
74,0
74,0
74,0
74,0
74,0
74,0
74,0
74,0
74,0
74,0
74,0
74,0
74,0
74,0
74,0
74,0
74,0
74,0
74,0
74,0
74,0
74,0
74,0
74,0
74,0
74,0
74,0
74,0
74,0
74,0
74,0
74,0
74,0
74,0
74,0
98,0
74,0
74,0
74,0
74,0
74,0
74,0
74,0
74,0
74,0
74,0
74,0
74,0
74,0
74,0
74,0
74,0
74,0
74,0
74,0
74,0
74,0
74,0
74,0
74,0
74,0
74,0
74,0
74,0
74,0
74,0
74,0
74,0
74,0
74,0
74,0
74,0
74,0
74,0
74,0
74,0
74,0
74,0
74,0
74,0
74,0
74,0
74,0
74,0
74,0
74,0
74,0
74,0
74,0
74,0
74,0
74,0
74,0
74,0
74,0
74,0
74,0
74,0
74,0
74,0
74,0
74,0
74,0
74,0
74,0
74,0
74,0
74,0
74,0
74,0
74,0
74,0
74,0
74,0
74,0
74,0
74,0
74,0
74,0
74,0
74,0
74,0
74,0
74,0
74,0
74,0
74,0
74,0
74,0
74,0
74,0
74,0
74,0
74,0
74,0
74,0
74,0
74,0
74,0
74,0
74,0
74,0
74,0
74,0
74,0
74,0
74,0
74,0
74,0
74,0
74,0
74,0
74,0
74,0
74,0
74,0
74,0
74,0
74,0
74,0
74,0
74,0
74,0
74,0
74,0
74,0
74,0
74,0
74,0
74,0
74,0
74,0
74,0
74,0
74,0
74,0
74,0
74,0
74,0
74,0
74,0
74,0
74,0
74,0
74,0
74,0
74,0
74,0
74,0
74,0
74,0
74,0
74,0
74,0
74,0
74,0
74,0
74,0
74,0
74,0
74,0
74,0
74,0
74,0
74,0
74,0
74,0
74,0
74,0
74,0
74,0
74,0
74,0
74,0
74,0
74,0
74,0
74,0
74,0
74,0
74,0
74,0
74,0
74,0
74,0
74,0
74,0
74,0
74,0
74,0
74,0
74,0
74,0
74,0
74,0
74,0
74,0
74,0
74,0
74,0
74,0
74,0
74,0
74,0
74,0
74,0
74,0
74,0
74,0
74,0
74,0
74,0
74,0
74,0
74,0
74,0
74,0
74,0
74,0
74,0
74,0
74,0
74,0
74,0
74,0
74,0
74,0
74,0
74,0
74,0
74,0
74,0
74,0
74,0
74,0
74,0
74,0
74,0
74,0
74,0
74,0
74,0
74,0
74,0
74,0
74,0
74,0
74,0
74,0
74,0
74,0
74,0
74,0
74,0
74,0
74,0
74,0
74,0
74,0
74,0
74,0
74,0
74,0
74,0
74,0
74,0
74,0
74,0
74,0
74,0
74,0
74,0
74,0
74,0
74,0
74,0
74,0
74,0
74,0
74,0
74,0
74,0
74,0
74,0
74,0
74,0
74,0
74,0
74,0
74,0
74,0
74,0
74,0
74,0
74,0
74,0
74,0
74,0
74,0
74,0
74,0
74,0
74,0
74,0
74,0
74,0
74,0
74,0
74,0
74,0
74,0
74,0
74,0
74,0
74,0
74,0
74,0
74,0
74,0
74,0
74,0
74,0
74,0
74,0
74,0
74,0
74,0
74,0
74,0
74,0
74,0
74,0
74,0
74,0
74,0
74,0
74,0
74,0
74,0
74,0
74,0
74,0
74,0
74,0
74,0
74,0
74,0
74,0
74,0
74,0
74,0
74,0
74,0
74,0
74,0
74,0
74,0
74,0
74,0
74,0
74,0
74,0
74,0
74,0
74,0
74,0
74,0
74,0
1339.925659,29.405252
74,0
74,0
74,0
74,0
74,0
74,0
74,0
74,0
1264.054077,29.407688
1353.723267,31.620623
74,0
74,0
74,0
74,0
74,0
74,0
74,0
74,0
74,0
74,0
74,0
74,0
74,0
74,0
74,0
74,0
74,0
74,0
74,0
74,0
74,0
74,0
74,0
74,0
74,0
74,0
74,0
74,0
74,0
74,0
74,0
74,0
74,0
74,0
74,0
74,0
74,0
74,0
74,0
74,0
74,0
74,0
74,0
74,0
74,0
74,0
74,0
74,0
74,0
74,0
74,0
74,0
74,0
74,0
74,0
74,0
74,0
1353.555542,61.095982
74,0
74,0
74,0
74,0
74,0
98,0
68.666664,112.536575
74,0
74,0
74,0
74,0
74,0
74,0
74,0
74,0
74,0
74,0
74,0
74,0
74,0
74,0
74,0
74,0
74,0
74,0
74,0
74,0
74,0
74,0
74,0
74,0
74,0
74,0
74,0
74,0
74,0
74,0
74,0
74,0
74,0
74,0
74,0
74,0
74,0
74,0
74,0
74,0
74,0
74,0
74,0
74,0
74,0
74,0
74,0
74,0
74,0
74,0
74,0
74,0
74,0
74,0
74,0
74,0
74,0
74,0
74,0
74,0
74,0
74,0
74,0
74,0
74,0
74,0
74,0
74,0
74,0
74,0
74,0
74,0
74,0
74,0
74,0
74,0
74,0
74,0
74,0
74,0
74,0
74,0
74,0
74,0
74,0
74,0
74,0
74,0
74,0
74,0
74,0
74,0
74,0
74,0
74,0
74,0
74,0
74,0
74,0
74,0
74,0
74,0
74,0
74,0
74,0
74,0
74,0
74,0
74,0
74,0
74,0
74,0
74,0
74,0
74,0
74,0
74,0
74,0
74,0
74,0
74,0
74,0
74,0
74,0
74,0
74,0
74,0
74,0
74,0
74,0
74,0
74,0
74,0
74,0
74,0
74,0
74,0
74,0
74,0
74,0
74,0
74,0
74,0
74,0
74,0
74,0
74,0
74,0
74,0
74,0
74,0
74,0
74,0
74,0
74,0
74,0
74,0
74,0
74,0
74,0
74,0
74,0
74,0
74,0
74,0
74,0
74,0
74,0
74,0
74,0
74,0
74,0
74,0
74,0
74,0
74,0
74,0
74,0
74,0
74,0
74,0
74,0
74,0
74,0
74,0
74,0
74,0
74,0
74,0
74,0
74,0
74,0
74,0
74,0
74,0
74,0
74,0
74,0
74,0
74,0
74,0
74,0
74,0
74,0
74,0
74,0
74,0
74,0
74,0
74,0
74,0
74,0
74,0
74,0
74,0
74,0
74,0
74,0
74,0
74,0
74,0
74,0
74,0
74,0
74,0
74,0
74,0
74,0
74,0
74,0
74,0
74,0
74,0
74,0
74,0
74,0
74,0
74,0
74,0
74,0
74,0
74,0
74,0
74,0
74,0
74,0
74,0
74,0
74,0
74,0
74,0
74,0
74,0
74,0
74,0
74,0
74,0
74,0
74,0
74,0
74,0
74,0
74,0
74,0
74,0
74,0
74,0
74,0
74,0
74,0
74,0
74,0
74,0
74,0
74,0
74,0
74,0
74,0
74,0
74,0
74,0
74,0
74,0
74,0
74,0
74,0
74,0
74,0
74,0
74,0
74,0
74,0
74,0
74,0
74,0
74,0
74,0
74,0
74,0
74,0
74,0
74,0
74,0
74,0
74,0
74,0
74,0
74,0
74,0
74,0
74,0
74,0
74,0
74,0
74,0
74,0
74,0
74,0
74,0
74,0
74,0
74,0
74,0
74,0
74,0
74,0
74,0
74,0
74,0
74,0
74,0
74,0
74,0
74,0
74,0
74,0
74,0
74,0
74,0
74,0
74,0
74,0
74,0
74,0
74,0
74,0
74,0
74,0
74,0
74,0
74,0
74,0
74,0
74,0
74,0
74,0
74,0
74,0
74,0
74,0
74,0
74,0
74,0
74,0
74,0
74,0
74,0
74,0
74,0
74,0
74,0
74,0
74,0
74,0
74,0
74,0
74,0
74,0
74,0
74,0
74,0
74,0
74,0
74,0
74,0
74,0
74,0
74,0
74,0
74,0
74,0
74,0
74,0
74,0
74,0
74,0
74,0
74,0
74,0
74,0
74,0
74,0
74,0
74,0
74,0
74,0
74,0
74,0
74,0
74,0
74,0
74,0
74,0
74,0
74,0
74,0
74,0
74,0
74,0
74,0
74,0
74,0
74,0
74,0
74,0
74,0
74,0
74,0
74,0
74,0
74,0
74,0
74,0
74,0
74,0
74,0
74,0
74,0
74,0
74,0
74,0
74,0
74,0
74,0
74,0
74,0
74,0
74,0
74,0
74,0
74,0
74,0
74,0
74,0
74,0
74,0
74,0
74,0
74,0
74,0
74,0
74,0
74,0
74,0
74,0
74,0
74,0
74,0
74,0
74,0
74,0
74,0
74,0
74,0
74,0
74,0
74,0
74,0
74,0
74,0
74,0
74,0
74,0
74,0
74,0
74,0
74,0
74,0
74,0
74,0
74,0
74,0
74,0
74,0
74,0
74,0
74,0
74,0
74,0
74,0
74,0
74,0
74,0
74,0
74,0
74,0
74,0
74,0
74,0
74,0
74,0
74,0
74,0
74,0
74,0
74,0
74,0
98,0
74,0
74,0
74,0
74,0
74,0
74,0
74,0
74,0
74,0
74,0
74,0
74,0
74,0
74,0
74,0
74,0
74,0
74,0
74,0
74,0
74,0
74,0
74,0
74,0
74,0
74,0
74,0
74,0
74,0
74,0
74,0
74,0
74,0
74,0
74,0
74,0
74,0
74,0
74,0
74,0
74,0
74,0
74,0
74,0
74,0
74,0
74,0
74,0
74,0
74,0
74,0
74,0
74,0
74,0
74,0
74,0
74,0
74,0
74,0
74,0
74,0
74,0
74,0
74,0
74,0
74,0
74,0
74,0
74,0
74,0
74,0
74,0
74,0
74,0
74,0
74,0
74,0
74,0
74,0
74,0
74,0
74,0
74,0
74,0
74,0
74,0
74,0
74,0
74,0
74,0
74,0
74,0
74,0
74,0
74,0
74,0
74,0
74,0
74,0
74,0
74,0
74,0
74,0
74,0
74,0
74,0
74,0
74,0
74,0
74,0
74,0
74,0
74,0
74,0
74,0
74,0
74,0
74,0
74,0
74,0
74,0
74,0
74,0
74,0
74,0
74,0
74,0
74,0
74,0
74,0
74,0
74,0
74,0
74,0
74,0
74,0
74,0
74,0
74,0
74,0
74,0
74,0
74,0
74,0
74,0
74,0
74,0
74,0
74,0
74,0
68.666664,117.144028
74,0
74,0
74,0
74,0
74,0
74,0
74,0
74,0
74,0
74,0
74,0
74,0
74,0
74,0
74,0
74,0
74,0
74,0
74,0
74,0
74,0
74,0
74,0
74,0
74,0
74,0
74,0
74,0
74,0
74,0
74,0
74,0
74,0
74,0
74,0
74,0
74,0
74,0
74,0
74,0
74,0
74,0
74,0
74,0
74,0
74,0
74,0
74,0
74,0
74,0
74,0
74,0
74,0
74,0
74,0
74,0
74,0
74,0
74,0
74,0
74,0
74,0
74,0
74,0
74,0
74,0
74,0
74,0
74,0
74,0
74,0
74,0
74,0
74,0
74,0
74,0
74,0
74,0
74,0
74,0
74,0
74,0
74,0
74,0
74,0
74,0
74,0
74,0
74,0
74,0
74,0
74,0
74,0
74,0
74,0
74,0
74,0
74,0
74,0
74,0
74,0
74,0
74,0
74,0
74,0
74,0
74,0
74,0
74,0
74,0
74,0
74,0
74,0
74,0
74,0
74,0
74,0
74,0
74,0
74,0
74,0
74,0
74,0
74,0
74,0
74,0
74,0
74,0
74,0
74,0
74,0
74,0
74,0
74,0
74,0
74,0
74,0
74,0
74,0
74,0
74,0
74,0
74,0
74,0
74,0
74,0
74,0
74,0
74,0
74,0
74,0
74,0
74,0
74,0
74,0
74,0
74,0
74,0
74,0
74,0
74,0
74,0
74,0
74,0
74,0
74,0
74,0
74,0
74,0
74,0
74,0
74,0
74,0
74,0
74,0
74,0
74,0
74,0
74,0
74,0
74,0
74,0
74,0
74,0
74,0
74,0
74,0
74,0
74,0
74,0
74,0
74,0
74,0
74,0
74,0
74,0
74,0
74,0
74,0
74,0
74,0
74,0
74,0
74,0
74,0
74,0
74,0
74,0
74,0
74,0
74,0
74,0
74,0
74,0
74,0
74,0
74,0
74,0
74,0
74,0
74,0
74,0
74,0
74,0
74,0
74,0
74,0
74,0
74,0
74,0
74,0
74,0
74,0
74,0
74,0
74,0
74,0
74,0
74,0
74,0
74,0
74,0
74,0
74,0
74,0
74,0
74,0
74,0
74,0
74,0
74,0
74,0
74,0
74,0
74,0
74,0
74,0
74,0
74,0
74,0
74,0
74,0
74,0
74,0
74,0
74,0
74,0
74,0
74,0
74,0
74,0
74,0
74,0
74,0
74,0
74,0
74,0
74,0
74,0
74,0
74,0
74,0
74,0
74,0
74,0
74,0
74,0
74,0
74,0
74,0
74,0
74,0
74,0
74,0
74,0
74,0
74,0
74,0
74,0
74,0
74,0
74,0
74,0
74,0
74,0
74,0
74,0
74,0
74,0
74,0
74,0
74,0
74,0
74,0
74,0
74,0
74,0
74,0
74,0
74,0
74,0
74,0
74,0
74,0
74,0
74,0
74,0
74,0
74,0
74,0
74,0
74,0
74,0
74,0
74,0
74,0
74,0
74,0
74,0
74,0
74,0
74,0
74,0
74,0
74,0
74,0
74,0
74,0
74,0
74,0
74,0
74,0
74,0
74,0
74,0
74,0
74,0
74,0
74,0
74,0
74,0
74,0
74,0
74,0
74,0
74,0
74,0
74,0
74,0
74,0
74,0
74,0
74,0
74,0
74,0
74,0
74,0
74,0
74,0
74,0
74,0
74,0
74,0
74,0
74,0
74,0
74,0
74,0
74,0
74,0
74,0
74,0
74,0
74,0
98,0
74,0
74,0
74,0
74,0
74,0
74,0
74,0
74,0
74,0
74,0
74,0
74,0
74,0
74,0
74,0
74,0
74,0
74,0
74,0
74,0
74,0
74,0
74,0
74,0
74,0
74,0
74,0
74,0
74,0
74,0
74,0
74,0
74,0
74,0
74,0
74,0
74,0
74,0
74,0
74,0
74,0
74,0
74,0
74,0
74,0
74,0
74,0
74,0
74,0
74,0
74,0
74,0
74,0
74,0
74,0
74,0
74,0
74,0
74,0
74,0
74,0
74,0
74,0
74,0
74,0
74,0
74,0
74,0
74,0
74,0
74,0
74,0
74,0
74,0
74,0
74,0
74,0
74,0
74,0
74,0
74,0
74,0
74,0
74,0
74,0
74,0
74,0
74,0
74,0
74,0
74,0
74,0
74,0
74,0
74,0
74,0
74,0
74,0
74,0
74,0
74,0
74,0
74,0
74,0
74,0
74,0
74,0
74,0
74,0
74,0
74,0
74,0
74,0
74,0
74,0
74,0
74,0
74,0
74,0
74,0
74,0
74,0
74,0
74,0
74,0
74,0
74,0
74,0
74,0
74,0
74,0
74,0
74,0
74,0
74,0
74,0
74,0
74,0
74,0
74,0
74,0
74,0
74,0
74,0
74,0
74,0
74,0
74,0
74,0
74,0
74,0
74,0
74,0
74,0
74,0
74,0
74,0
74,0
74,0
74,0
74,0
74,0
74,0
74,0
74,0
74,0
74,0
74,0
74,0
74,0
74,0
74,0
74,0
74,0
74,0
74,0
74,0
74,0
74,0
74,0
74,0
74,0
74,0
74,0
74,0
74,0
74,0
74,0
74,0
74,0
74,0
74,0
74,0
74,0
74,0
74,0
74,0
74,0
74,0
74,0
74,0
74,0
74,0
74,0
74,0
74,0
74,0
74,0
74,0
74,0
74,0
74,0
74,0
74,0
74,0
74,0
74,0
74,0
74,0
74,0
74,0
74,0
74,0
74,0
74,0
74,0
74,0
74,0
74,0
74,0
74,0
74,0
74,0
74,0
74,0
74,0
74,0
74,0
74,0
74,0
74,0
74,0
74,0
74,0
74,0
74,0
74,0
74,0
74,0
74,0
74,0
74,0
74,0
74,0
74,0
74,0
74,0
74,0
74,0
74,0
74,0
74,0
74,0
74,0
74,0
74,0
74,0
74,0
74,0
74,0
74,0
74,0
74,0
74,0
74,0
74,0
74,0
74,0
74,0
74,0
74,0
74,0
74,0
74,0
74,0
74,0
74,0
74,0
74,0
74,0
74,0
74,0
74,0
74,0
74,0
74,0
74,0
74,0
74,0
74,0
74,0
74,0
74,0
74,0
74,0
74,0
74,0
74,0
74,0
74,0
74,0
74,0
74,0
74,0
74,0
74,0
74,0
74,0
74,0
74,0
74,0
74,0
74,0
74,0
74,0
74,0
74,0
74,0
74,0
74,0
74,0
74,0
74,0
74,0
74,0
74,0
74,0
74,0
74,0
74,0
74,0
74,0
74,0
74,0
74,0
68.666664,124.015625
121,41.695915
737.5,94.414444
98,0
98,0
229.090912,64.608246
150.5,20.780085
177,37.747955
1333.297729,26.231859
1263.674072,44.614063
1358.517822,39.200493
1356.920288,32.430779
98,0
464.222229,49.720016
637.599976,40.025616
98,0
114,0
98,0
98,0
100,0.239867
98,0
1234.677734,17.807907
1348.874023,26.801613
1354.16748,38.177025
1340.82251,33.661011
98,0
98,0
98,0
563.285706,44.583809
98,0
184.199997,22.110565
98,0
121,31.264492
1254.895752,42.008984
1360.599976,38.808926
1358.109253,34.601192
744.599976,74.386772
1349.072632,35.664753
98,0
636.799988,40.033226
83.833336,10.015384
98,0
98,0
150,18.912529
154,16.705925
66,0
643.538452,63.903206
98,0
98,0
176.666672,33.336113
190.25,51.632446
1270.286499,34.019318
1361.658936,42.621822
1278.373169,13.466409
1345.032837,36.448177
98,0
98,0
228.545456,97.224251
183,36.034737
177,36.14349
177,36.022408
98,0
76.333336,144.071457
98,0
98,0
1264.48645,29.404299
1356.300659,30.404657
1367.608521,56.298035
1340.240479,36.479366
98,0
98,0
699.15387,63.519958
98,0
94,0
98,0
98,0
190.25,40.078018
177,25.745659
1186.838745,207.29541
1312.008423,23.61467
1294.589722,15.413315
66,0
1362.276001,38.744202
102,0
98,0
98,0
98,0
184.199997,26.126545
98,0
98,0
1266.848511,46.006432
1367.334717,47.003506
1322.018555,21.782555
76.333336,16.252234
1358.545044,41.160526
370.75,68.018616
637.599976,39.976414
98,0
98,0
114,0
98,0
98,0
1261.44812,48.000271
1345.337891,29.249767
98,0
1368.490601,63.762363
1359.023315,43.712185
98,0
98,0
154,18.885742
150,18.885384
701.285706,5.704069
98,0
98,0
98,0
229.181824,77.071289
1267.056519,35.204346
197,39.20134
176.666672,27.424686
1363.548706,67.944534
1349.606079,32.801319
1359.355591,44.880047
98,0
98,0
636.799988,40.052471
177,33.306133
183,37.735134
177,37.735134
98,0
98,0
643.538452,61.586784
98,0
1271.137329,36.209301
1350.018677,42.622749
1313.963257,21.687124
1359.438843,48.105782
98,0
74,0.666688
102,0
98,0
98,0
98,0
184,30.099403
64,0
98,0
1262.214233,36.445496
1368.742798,55.033295
177,23.273676
190.25,34.222744
1344.682739,37.032005
1346.374268,36.105072
98,0
98,0
98,0
699.15387,59.158176
98,0
94,0
98,0
1320.634155,354.022522
1244.563965,34.246746
1346.6073,38.016113
1359.545044,51.031284
98,0
98,0
98,0
816,75.338081
572.5,3.588974
98,0
98,0
1365.038818,82.216202
1247.587891,72.600754
1348.026367,60.421379
1361.444092,55.207367
98,0
637.599976,40.0056
98,0
114,0
98,0
235.800003,61.743214
150,15.148531
149.5,15.14876
98,0
98,0
177.666672,15.872387
1364.920654,50.207615
197.75,24.227348
1268.554932,38.438366
1341.78894,35.835144
1361.861572,44.90955
98,0
98,0
176.333328,37.688915
177,37.689629
183,37.689629
100,0.377501
98,0
644.833313,41.972015
184.199997,28.370403
98,0
98,0
1365.793091,46.280357
1258.144409,37.258854
1346.281616,34.627377
1366.536987,43.460243
98,0
636.799988,39.96603
98,0
98,0
643.538452,70.670959
98,0
98,0
1210.942871,6.803398
1255.935181,36.837051
1327.244873,29.970684
229,104.396118
190.25,40.907043
177,28.363161
1346.320923,42.897797
98,0
98,0
98,0
98,0
1364.895508,66.833153
1261.835205,36.264805
98,0
1346.011963,33.403988
1343.273804,33.677395
98,0
98,0
699.15387,50.881092
98,0
98,0
1362.462769,50.801167
1255.735596,34.832855
1347.298462,38.011169
98,0
1365.396729,49.230602
94,0
98,0
98,0
150,18.838068
149.5,18.838423
98,0
102,0
213.75,19.602461
98,0
1331.621582,29.401611
1264.304932,32.671242
1340.584473,31.452393
150,18.48258
183,38.463017
1332.760376,38.283005
98,0
463.888885,52.32383
637.599976,28.575918
98,0
112.555557,57.128983
228.454544,74.553978
74,0
74,0
177,35.50695
183,36.771465
176.333328,36.310822
98,0
114,0
98,0
98,0
1364.400879,46.243858
1266.30127,31.036531
1339.714233,29.568644
1357.68396,34.638214
98,0
98,0
98,0
621.166687,62.642368
98,0
98,0
1353.371948,32.644337
1265.573364,29.863094
1342.553223,28.754986
1324.892822,33.604469
190.25,44.113754
177,32.798176
98,0
98,0
636.799988,35.443398
98,0
98,0
98,0
643.538452,68.574173
98,0
1222.657104,6.803439
1264.012451,31.86326
1344.290771,28.779665
1356.263428,37.15715
98,0
98,0
66,0
98,0
64,0
98,0
213.75,21.903887
98,0
1362.945312,55.204201
1212.601685,24.447962
1328.892578,24.242468
1311.583984,24.880064
102,0
98,0
74,0.668858
98,0
76.333336,143.451431
98,0
66,0
150,17.23811
150,17.538013
699.15387,70.6036
98,0
98,0
1314.634277,26.658579
1252.577271,24.448811
1338.802124,19.535093
112.555557,79.976006
229.181824,97.488686
74,0
74,0
74,0
74,0
176.666672,31.146341
190.25,52.419144
98,0
94,0
98,0
176.333328,33.472805
177,37.83651
183,37.83651
98,0
98,0
1346.422241,44.802956
98,0
1338.625977,26.010019
1262.060425,29.622952
1350.668823,31.407194
429.600006,46.691395
98,0
637.599976,34.417187
98,0
98,0
114,0
98,0
1354.813965,399.436096
1336.320557,41.610771
1239.354004,32.568241
98,0
1339.144897,27.572632
177,37.254356
190.25,59.900566
98,0
98,0
98,0
621.083313,52.742363
184.199997,35.429268
835,60.852234
98,0
1350.140381,69.619858
1340.608276,38.642002
1253.717041,32.751457
1323.683228,32.046486
98,0
73.75,0.612475
98,0
636.799988,43.103912
100,4.018905
98,0
98,0
115.375,94.442719
74,0
74,0
643.538452,63.845749
98,0
64,34.977264
63.25,17.798767
81.333336,0.630994
64,36.229588
98,0
98,0
98,0
121,54.095478
219.72728,75.377838
150,20.467896
150,21.265285
98,0
98,0
